-- phpMyAdmin SQL Dump
-- version 5.2.1
-- https://www.phpmyadmin.net/
--
-- Hôte : 127.0.0.1
-- Généré le : mar. 09 jan. 2024 à 19:51
-- Version du serveur : 10.4.28-MariaDB
-- Version de PHP : 8.2.4

SET SQL_MODE = "NO_AUTO_VALUE_ON_ZERO";
START TRANSACTION;
SET time_zone = "+00:00";


/*!40101 SET @OLD_CHARACTER_SET_CLIENT=@@CHARACTER_SET_CLIENT */;
/*!40101 SET @OLD_CHARACTER_SET_RESULTS=@@CHARACTER_SET_RESULTS */;
/*!40101 SET @OLD_COLLATION_CONNECTION=@@COLLATION_CONNECTION */;
/*!40101 SET NAMES utf8mb4 */;

--
-- Base de données : `divisionnet`
--

-- --------------------------------------------------------

--
-- Structure de la table `charactertags`
--

CREATE TABLE `charactertags` (
  `idCharacter` varchar(255) NOT NULL,
  `idTag` int(11) NOT NULL
) ENGINE=InnoDB DEFAULT CHARSET=utf8mb4 COLLATE=utf8mb4_general_ci;

--
-- Déchargement des données de la table `charactertags`
--

INSERT INTO `charactertags` (`idCharacter`, `idTag`) VALUES
('DBL-EVT-00S', 4),
('DBL-EVT-00S', 27),
('DBL-EVT-00S', 29),
('DBL-EVT-01S', 4),
('DBL-EVT-01S', 16),
('DBL-EVT-01S', 17),
('DBL-EVT-01S', 27),
('DBL-EVT-01S', 29),
('DBL-EVT-01S', 49),
('DBL-EVT-02S', 4),
('DBL-EVT-02S', 5),
('DBL-EVT-02S', 24),
('DBL-EVT-02S', 27),
('DBL-EVT-03S', 4),
('DBL-EVT-03S', 8),
('DBL-EVT-03S', 15),
('DBL-EVT-03S', 17),
('DBL-EVT-03S', 30),
('DBL-EVT-03S', 47),
('DBL-EVT-04S', 4),
('DBL-EVT-04S', 6),
('DBL-EVT-04S', 7),
('DBL-EVT-04S', 15),
('DBL-EVT-04S', 16),
('DBL-EVT-04S', 17),
('DBL-EVT-05S', 4),
('DBL-EVT-05S', 15),
('DBL-EVT-05S', 17),
('DBL-EVT-05S', 29),
('DBL-EVT-05S', 39),
('DBL-EVT-07S', 4),
('DBL-EVT-07S', 7),
('DBL-EVT-07S', 23),
('DBL-EVT-07S', 27),
('DBL-EVT-08S', 4),
('DBL-EVT-08S', 17),
('DBL-EVT-08S', 27),
('DBL-EVT-08S', 29),
('DBL-EVT-08S', 30),
('DBL-EVT-09S', 4),
('DBL-EVT-09S', 17),
('DBL-EVT-09S', 19),
('DBL-EVT-09S', 21),
('DBL-EVT-09S', 25),
('DBL-EVT-09S', 37),
('DBL-EVT-10S', 4),
('DBL-EVT-10S', 5),
('DBL-EVT-10S', 10),
('DBL-EVT-10S', 27),
('DBL-EVT-12S', 4),
('DBL-EVT-12S', 15),
('DBL-EVT-12S', 17),
('DBL-EVT-12S', 29),
('DBL-EVT-12S', 30),
('DBL-EVT-13S', 1),
('DBL-EVT-13S', 4),
('DBL-EVT-13S', 11),
('DBL-EVT-13S', 24),
('DBL-EVT-13S', 25),
('DBL-EVT-13S', 39),
('DBL-EVT-13S', 48),
('DBL-EVT-14S', 4),
('DBL-EVT-14S', 27),
('DBL-EVT-14S', 29),
('DBL-EVT-15S', 27),
('DBL-EVT-15S', 29),
('DBL-EVT-15S', 35),
('DBL-EVT-16S', 1),
('DBL-EVT-16S', 4),
('DBL-EVT-16S', 24),
('DBL-EVT-16S', 25),
('DBL-EVT-17U', 4),
('DBL-EVT-17U', 27),
('DBL-EVT-17U', 29),
('DBL-EVT-17U', 30),
('DBL-EVT-18S', 4),
('DBL-EVT-18S', 27),
('DBL-EVT-18S', 29),
('DBL-EVT-19S', 4),
('DBL-EVT-19S', 27),
('DBL-EVT-19S', 29),
('DBL-EVT-19S', 30),
('DBL-EVT-20S', 4),
('DBL-EVT-20S', 22),
('DBL-EVT-20S', 27),
('DBL-EVT-20S', 29),
('DBL-EVT-20S', 31),
('DBL-EVT-21S', 4),
('DBL-EVT-21S', 27),
('DBL-EVT-21S', 29),
('DBL-EVT-21S', 32),
('DBL-EVT-22S', 4),
('DBL-EVT-22S', 12),
('DBL-EVT-22S', 27),
('DBL-EVT-22S', 29),
('DBL-EVT-22S', 34),
('DBL-EVT-23S', 4),
('DBL-EVT-23S', 12),
('DBL-EVT-23S', 27),
('DBL-EVT-23S', 29),
('DBL-EVT-23S', 35),
('DBL-EVT-24U', 4),
('DBL-EVT-24U', 27),
('DBL-EVT-24U', 47),
('DBL-EVT-37S', 1),
('DBL-EVT-37S', 4),
('DBL-EVT-37S', 24),
('DBL-EVT-37S', 25),
('DBL-EVT-38U', 1),
('DBL-EVT-38U', 4),
('DBL-EVT-38U', 7),
('DBL-EVT-38U', 9),
('DBL-EVT-38U', 24),
('DBL-EVT-38U', 25),
('DBL-EVT-38U', 28),
('DBL-EVT-39S', 4),
('DBL-EVT-39S', 8),
('DBL-EVT-39S', 12),
('DBL-EVT-39S', 24),
('DBL-EVT-39S', 27),
('DBL-EVT-39S', 36),
('DBL-EVT-40S', 4),
('DBL-EVT-40S', 27),
('DBL-EVT-40S', 29),
('DBL-EVT-44S', 4),
('DBL-EVT-44S', 12),
('DBL-EVT-44S', 27),
('DBL-EVT-44S', 29),
('DBL-EVT-44S', 35),
('DBL-EVT-45S', 4),
('DBL-EVT-45S', 12),
('DBL-EVT-45S', 27),
('DBL-EVT-45S', 35),
('DBL-EVT-45S', 47),
('DBL-EVT-46S', 4),
('DBL-EVT-46S', 8),
('DBL-EVT-46S', 15),
('DBL-EVT-46S', 30),
('DBL-EVT-46S', 47),
('DBL-EVT-47S', 4),
('DBL-EVT-47S', 27),
('DBL-EVT-47S', 29),
('DBL-EVT-48S', 4),
('DBL-EVT-48S', 37),
('DBL-EVT-49S', 4),
('DBL-EVT-49S', 37),
('DBL-EVT-50S', 4),
('DBL-EVT-50S', 6),
('DBL-EVT-50S', 7),
('DBL-EVT-50S', 27),
('DBL-EVT-50S', 30),
('DBL01-04S', 27),
('DBL01-04S', 29),
('DBL01-04S', 30),
('DBL01-12E', 37),
('DBL01-17S', 5),
('DBL01-17S', 24),
('DBL01-17S', 27),
('DBL01-17S', 47),
('DBL01-19E', 5),
('DBL01-19E', 27),
('DBL01-21E', 5),
('DBL01-21E', 27),
('DBL01-33E', 37),
('DBL01-35S', 24),
('DBL01-35S', 27),
('DBL01-35S', 30),
('DBL01-36S', 15),
('DBL01-36S', 16),
('DBL01-36S', 29),
('DBL01-38E', 37),
('DBL01-40E', 5),
('DBL01-40E', 18),
('DBL01-40E', 24),
('DBL01-40E', 39),
('DBL01-41S', 5),
('DBL01-41S', 18),
('DBL01-41S', 24),
('DBL01-41S', 39),
('DBL01-43E', 5),
('DBL01-43E', 18),
('DBL01-43E', 24),
('DBL01-43E', 39),
('DBL01-44S', 5),
('DBL01-44S', 10),
('DBL02-01S', 27),
('DBL02-01S', 30),
('DBL02-01S', 47),
('DBL02-02S', 8),
('DBL02-02S', 15),
('DBL02-02S', 30),
('DBL02-02S', 47),
('DBL02-03E', 8),
('DBL02-03E', 15),
('DBL02-03E', 47),
('DBL02-12E', 27),
('DBL02-12E', 47),
('DBL02-13S', 24),
('DBL02-13S', 27),
('DBL02-14E', 24),
('DBL02-14E', 27),
('DBL03-04E', 5),
('DBL03-04E', 24),
('DBL03-04E', 27),
('DBL03-04E', 47),
('DBL03-13S', 5),
('DBL03-13S', 18),
('DBL03-13S', 24),
('DBL03-13S', 39),
('DBL03-14S', 27),
('DBL03-14S', 30),
('DBL03-14S', 47),
('DBL03-15S', 8),
('DBL03-15S', 15),
('DBL03-15S', 30),
('DBL03-15S', 47),
('DBL03-16E', 40),
('DBL03-16E', 48),
('DBL04-01S', 27),
('DBL04-01S', 29),
('DBL04-01S', 30),
('DBL04-02E', 1),
('DBL04-02E', 8),
('DBL04-02E', 24),
('DBL04-02E', 25),
('DBL04-02E', 48),
('DBL04-11S', 15),
('DBL04-11S', 29),
('DBL04-11S', 31),
('DBL05-01S', 15),
('DBL05-01S', 16),
('DBL05-01S', 29),
('DBL05-01S', 30),
('DBL05-03S', 15),
('DBL05-03S', 16),
('DBL05-03S', 30),
('DBL05-03S', 47),
('DBL05-05S', 19),
('DBL05-05S', 21),
('DBL05-05S', 25),
('DBL05-05S', 37),
('DBL05-06S', 48),
('DBL05-08S', 21),
('DBL05-08S', 24),
('DBL05-08S', 25),
('DBL05-08S', 49),
('DBL05-10S', 6),
('DBL05-10S', 7),
('DBL05-10S', 22),
('DBL05-10S', 27),
('DBL05-10S', 30),
('DBL05-11S', 24),
('DBL05-11S', 25),
('DBL05-11S', 39),
('DBL06-01S', 6),
('DBL06-01S', 7),
('DBL06-01S', 15),
('DBL06-01S', 16),
('DBL06-01S', 30),
('DBL06-06S', 1),
('DBL06-06S', 24),
('DBL06-06S', 25),
('DBL06-11S', 22),
('DBL06-11S', 27),
('DBL06-11S', 29),
('DBL06-11S', 32),
('DBL06-13S', 8),
('DBL06-13S', 24),
('DBL06-13S', 27),
('DBL07-01S', 22),
('DBL07-01S', 27),
('DBL07-01S', 29),
('DBL07-01S', 31),
('DBL07-03E', 8),
('DBL07-03E', 15),
('DBL07-03E', 30),
('DBL07-03E', 47),
('DBL07-04S', 27),
('DBL07-04S', 30),
('DBL07-04S', 38),
('DBL07-05S', 18),
('DBL07-05S', 24),
('DBL07-07S', 24),
('DBL07-07S', 27),
('DBL07-07S', 30),
('DBL07-08S', 27),
('DBL07-08S', 29),
('DBL07-09S', 12),
('DBL07-09S', 27),
('DBL07-09S', 29),
('DBL07-09S', 34),
('DBL07-11S', 12),
('DBL07-11S', 13),
('DBL07-11S', 24),
('DBL07-11S', 40),
('DBL08-01S', 8),
('DBL08-01S', 15),
('DBL08-01S', 29),
('DBL08-01S', 30),
('DBL08-02S', 8),
('DBL08-02S', 15),
('DBL08-02S', 31),
('DBL08-02S', 47),
('DBL08-03S', 8),
('DBL08-03S', 11),
('DBL08-06E', 8),
('DBL08-06E', 15),
('DBL08-06E', 29),
('DBL08-08E', 27),
('DBL08-08E', 38),
('DBL08-09E', 11),
('DBL08-09E', 27),
('DBL08-09E', 38),
('DBL08-10S', 18),
('DBL08-10S', 24),
('DBL08-10S', 39),
('DBL09-03S', 11),
('DBL09-03S', 26),
('DBL09-03S', 27),
('DBL09-03S', 31),
('DBL09-03S', 44),
('DBL09-03S', 46),
('DBL10-02S', 15),
('DBL10-02S', 29),
('DBL10-03S', 27),
('DBL10-03S', 31),
('DBL10-03S', 47),
('DBL10-06S', 15),
('DBL10-06S', 29),
('DBL10-06S', 31),
('DBL10-09S', 1),
('DBL10-09S', 8),
('DBL10-09S', 24),
('DBL10-09S', 25),
('DBL10-09S', 48),
('DBL10-10S', 21),
('DBL10-10S', 24),
('DBL10-10S', 25),
('DBL10-11S', 6),
('DBL10-11S', 7),
('DBL10-11S', 27),
('DBL10-11S', 30),
('DBL11-01S', 9),
('DBL11-01S', 16),
('DBL11-01S', 27),
('DBL11-01S', 29),
('DBL11-01S', 30),
('DBL11-02S', 9),
('DBL11-02S', 27),
('DBL11-02S', 30),
('DBL11-02S', 47),
('DBL11-03E', 9),
('DBL11-03E', 15),
('DBL11-03E', 47),
('DBL11-04S', 9),
('DBL11-04S', 19),
('DBL11-04S', 24),
('DBL11-06S', 11),
('DBL11-06S', 39),
('DBL11-08S', 6),
('DBL11-08S', 7),
('DBL11-08S', 15),
('DBL11-08S', 16),
('DBL11-08S', 32),
('DBL11-09S', 1),
('DBL11-09S', 24),
('DBL11-09S', 25),
('DBL12-01S', 24),
('DBL12-01S', 27),
('DBL12-01S', 30),
('DBL12-02S', 18),
('DBL12-02S', 19),
('DBL12-02S', 24),
('DBL12-02S', 25),
('DBL12-04S', 22),
('DBL12-04S', 27),
('DBL12-04S', 29),
('DBL12-04S', 30),
('DBL12-05S', 15),
('DBL12-05S', 29),
('DBL12-05S', 30),
('DBL12-06S', 15),
('DBL12-06S', 16),
('DBL12-06S', 29),
('DBL12-06S', 30),
('DBL13-01S', 27),
('DBL13-01S', 29),
('DBL13-01S', 35),
('DBL13-01S8', 27),
('DBL13-01S8', 29),
('DBL13-01S8', 35),
('DBL13-01SS', 27),
('DBL13-01SS', 29),
('DBL13-01SS', 35),
('DBL13-02S', 12),
('DBL13-02S', 27),
('DBL13-02S', 35),
('DBL13-02S', 47),
('DBL13-03S', 7),
('DBL13-03S', 23),
('DBL13-03S', 27),
('DBL13-03S', 30),
('DBL13-04E', 12),
('DBL13-04E', 13),
('DBL13-04E', 24),
('DBL13-04E', 40),
('DBL13-05E', 3),
('DBL13-05E', 12),
('DBL13-06S', 5),
('DBL13-06S', 18),
('DBL13-06S', 24),
('DBL13-06S', 39),
('DBL13-07E', 18),
('DBL13-07E', 24),
('DBL13-08E', 24),
('DBL13-08E', 25),
('DBL13-08E', 39),
('DBL13-09S', 1),
('DBL13-09S', 24),
('DBL13-09S', 25),
('DBL14-01S', 27),
('DBL14-01S', 30),
('DBL14-01S', 47),
('DBL14-03S', 48),
('DBL14-04S', 8),
('DBL14-04S', 15),
('DBL14-04S', 30),
('DBL14-04S', 47),
('DBL14-05S', 24),
('DBL14-05S', 48),
('DBL14-06E', 5),
('DBL14-06E', 10),
('DBL14-07E', 5),
('DBL14-07E', 10),
('DBL14-08E', 5),
('DBL14-08E', 10),
('DBL14-09E', 5),
('DBL14-09E', 10),
('DBL14-10E', 5),
('DBL14-10E', 10),
('DBL15-01S', 8),
('DBL15-01S', 15),
('DBL15-01S', 29),
('DBL15-02S', 8),
('DBL15-02S', 24),
('DBL15-02S', 27),
('DBL15-03E', 14),
('DBL15-03E', 24),
('DBL15-03E', 39),
('DBL15-05S', 27),
('DBL15-05S', 29),
('DBL15-05S', 30),
('DBL15-06S', 5),
('DBL15-06S', 18),
('DBL15-06S', 24),
('DBL15-06S', 39),
('DBL15-07S', 12),
('DBL15-07S', 27),
('DBL15-07S', 29),
('DBL15-07S', 35),
('DBL15-07S', 46),
('DBL15-08S', 24),
('DBL15-08S', 26),
('DBL15-08S', 44),
('DBL15-08S', 46),
('DBL16-01S', 27),
('DBL16-01S', 29),
('DBL16-02S', 1),
('DBL16-02S', 7),
('DBL16-02S', 24),
('DBL16-02S', 48),
('DBL16-03E', 21),
('DBL16-03E', 25),
('DBL16-05E', 8),
('DBL16-05E', 12),
('DBL16-05E', 24),
('DBL16-05E', 25),
('DBL16-06S', 11),
('DBL16-06S', 49),
('DBL16-07S', 11),
('DBL16-07S', 40),
('DBL16-07S', 48),
('DBL16-09S', 11),
('DBL16-09S', 26),
('DBL16-09S', 39),
('DBL16-09S', 42),
('DBL16-09S', 46),
('DBL16-10S', 9),
('DBL16-10S', 16),
('DBL16-10S', 27),
('DBL16-10S', 29),
('DBL16-11E', 15),
('DBL16-11E', 16),
('DBL16-11E', 29),
('DBL16-12E', 37),
('DBL16-13S', 7),
('DBL16-13S', 9),
('DBL16-13S', 19),
('DBL16-13S', 24),
('DBL16-13S', 48),
('DBL17-01S', 15),
('DBL17-01S', 29),
('DBL17-01S', 30),
('DBL17-01S', 31),
('DBL17-02E', 24),
('DBL17-02E', 27),
('DBL17-02E', 30),
('DBL17-03S', 14),
('DBL17-03S', 24),
('DBL17-03S', 39),
('DBL17-04E', 24),
('DBL17-04E', 48),
('DBL17-05S', 27),
('DBL17-05S', 29),
('DBL17-05S', 32),
('DBL17-06S', 1),
('DBL17-06S', 24),
('DBL17-06S', 25),
('DBL18-01S', 5),
('DBL18-01S', 18),
('DBL18-01S', 24),
('DBL18-01S', 39),
('DBL18-02E', 5),
('DBL18-02E', 18),
('DBL18-02E', 24),
('DBL18-02E', 39),
('DBL18-03S', 18),
('DBL18-03S', 24),
('DBL18-03S', 39),
('DBL18-05S', 8),
('DBL18-05S', 12),
('DBL18-05S', 27),
('DBL18-05S', 35),
('DBL18-05S', 47),
('DBL18-06S', 8),
('DBL18-06S', 12),
('DBL18-06S', 24),
('DBL18-06S', 27),
('DBL18-06S', 36),
('DBL19-01S', 27),
('DBL19-02E', 15),
('DBL19-02E', 16),
('DBL19-02E', 47),
('DBL19-05S', 9),
('DBL19-05S', 27),
('DBL19-05S', 29),
('DBL19-05S', 33),
('DBL19-06E', 9),
('DBL19-06E', 16),
('DBL19-06E', 27),
('DBL19-06E', 29),
('DBL19-07S', 9),
('DBL19-07S', 27),
('DBL19-07S', 33),
('DBL19-07S', 47),
('DBL19-08S', 9),
('DBL19-08S', 19),
('DBL19-08S', 24),
('DBL19-08S', 25),
('DBL19-08S', 27),
('DBL19-08S', 39),
('DBL20-01S', 6),
('DBL20-01S', 7),
('DBL20-01S', 22),
('DBL20-01S', 27),
('DBL20-01S', 30),
('DBL20-02S', 24),
('DBL20-02S', 25),
('DBL20-02S', 39),
('DBL20-05S', 12),
('DBL20-05S', 27),
('DBL20-05S', 29),
('DBL20-05S', 34),
('DBL20-06S', 12),
('DBL20-06S', 27),
('DBL20-06S', 30),
('DBL20-06S', 34),
('DBL20-06S', 47),
('DBL21-01S', 9),
('DBL21-01S', 24),
('DBL21-01S', 28),
('DBL21-02S', 9),
('DBL21-02S', 19),
('DBL21-02S', 24),
('DBL21-02S', 25),
('DBL21-02S', 27),
('DBL21-02S', 39),
('DBL21-04E', 1),
('DBL21-04E', 24),
('DBL21-04E', 25),
('DBL21-05S', 1),
('DBL21-05S', 11),
('DBL21-05S', 24),
('DBL21-05S', 25),
('DBL21-05S', 39),
('DBL21-05S', 48),
('DBL22-01S', 27),
('DBL22-01S', 29),
('DBL22-02S', 27),
('DBL22-02S', 38),
('DBL22-04S', 5),
('DBL22-04S', 27),
('DBL22-08S', 7),
('DBL22-08S', 23),
('DBL22-08S', 27),
('DBL22-08S', 30),
('DBL22-09S', 5),
('DBL22-09S', 11),
('DBL22-09S', 27),
('DBL23-01S', 8),
('DBL23-01S', 15),
('DBL23-01S', 30),
('DBL23-01S', 47),
('DBL23-02S', 1),
('DBL23-02S', 8),
('DBL23-02S', 24),
('DBL23-02S', 25),
('DBL23-02S', 48),
('DBL23-04S', 6),
('DBL23-04S', 7),
('DBL23-04S', 15),
('DBL23-04S', 16),
('DBL23-04S', 30),
('DBL23-04S', 32),
('DBL23-05S', 7),
('DBL23-05S', 11),
('DBL23-05S', 23),
('DBL23-05S', 26),
('DBL23-05S', 27),
('DBL23-05S', 31),
('DBL23-05S', 44),
('DBL24-01S', 7),
('DBL24-01S', 8),
('DBL24-01S', 12),
('DBL24-01S', 23),
('DBL24-01S', 27),
('DBL24-01S', 35),
('DBL24-02E', 6),
('DBL24-02E', 7),
('DBL24-02E', 27),
('DBL24-03S', 9),
('DBL24-03S', 27),
('DBL24-03S', 29),
('DBL24-03S', 33),
('DBL24-04E', 27),
('DBL24-04E', 30),
('DBL24-04E', 47),
('DBL24-05S', 8),
('DBL24-05S', 15),
('DBL24-05S', 30),
('DBL24-05S', 47),
('DBL24-07H', 11),
('DBL24-08S', 7),
('DBL24-08S', 8),
('DBL24-08S', 12),
('DBL24-08S', 23),
('DBL24-08S', 24),
('DBL24-08S', 25),
('DBL24-09S', 1),
('DBL24-09S', 7),
('DBL24-09S', 9),
('DBL24-09S', 24),
('DBL24-09S', 25),
('DBL24-09S', 28),
('DBL24-10E', 9),
('DBL24-10E', 24),
('DBL24-10E', 28),
('DBL24-13S', 22),
('DBL24-13S', 27),
('DBL24-13S', 29),
('DBL24-13S', 30),
('DBL24-14E', 16),
('DBL24-14E', 27),
('DBL24-14E', 29),
('DBL24-14E', 49),
('DBL24-15S', 22),
('DBL24-15S', 24),
('DBL25-01E', 37),
('DBL25-03E', 37),
('DBL25-04S', 8),
('DBL25-04S', 12),
('DBL25-04S', 27),
('DBL25-04S', 29),
('DBL25-04S', 35),
('DBL25-05S', 8),
('DBL25-05S', 12),
('DBL25-05S', 27),
('DBL25-05S', 35),
('DBL25-05S', 47),
('DBL25-07S', 27),
('DBL25-07S', 29),
('DBL25-07S', 30),
('DBL25-08S', 24),
('DBL25-08S', 27),
('DBL26-01E', 27),
('DBL26-01E', 29),
('DBL26-01E', 30),
('DBL26-02S', 15),
('DBL26-02S', 29),
('DBL26-02S', 46),
('DBL26-03S', 1),
('DBL26-03S', 24),
('DBL26-03S', 25),
('DBL26-05E', 22),
('DBL26-05E', 24),
('DBL26-05E', 27),
('DBL26-05E', 29),
('DBL26-05E', 31),
('DBL26-06S', 27),
('DBL26-06S', 31),
('DBL26-06S', 47),
('DBL26-08S', 1),
('DBL26-08S', 8),
('DBL26-08S', 24),
('DBL26-08S', 25),
('DBL26-08S', 48),
('DBL27-02S', 15),
('DBL27-02S', 16),
('DBL27-02S', 29),
('DBL27-02S', 30),
('DBL27-03S', 15),
('DBL27-03S', 16),
('DBL27-03S', 30),
('DBL27-03S', 47),
('DBL27-05S', 11),
('DBL27-05S', 15),
('DBL27-05S', 29),
('DBL27-05S', 39),
('DBL27-06S', 8),
('DBL27-06S', 12),
('DBL27-06S', 24),
('DBL27-06S', 27),
('DBL27-06S', 36),
('DBL27-07E', 11),
('DBL27-07E', 26),
('DBL27-07E', 39),
('DBL27-07E', 42),
('DBL27-07E', 46),
('DBL28-01S', 26),
('DBL28-01S', 45),
('DBL28-01S', 46),
('DBL28-03S', 26),
('DBL28-03S', 45),
('DBL28-03S', 46),
('DBL28-05S', 12),
('DBL28-05S', 13),
('DBL28-05S', 26),
('DBL28-05S', 40),
('DBL28-05S', 44),
('DBL28-05S', 46),
('DBL28-06S', 3),
('DBL28-06S', 11),
('DBL28-06S', 12),
('DBL28-06S', 26),
('DBL28-06S', 44),
('DBL28-06S', 46),
('DBL29-01S', 27),
('DBL29-01S', 30),
('DBL29-01S', 47),
('DBL29-02S', 18),
('DBL29-02S', 19),
('DBL29-02S', 24),
('DBL29-02S', 25),
('DBL29-04S', 12),
('DBL29-04S', 27),
('DBL29-04S', 29),
('DBL29-04S', 46),
('DBL29-05E', 5),
('DBL29-05E', 18),
('DBL29-05E', 24),
('DBL29-05E', 39),
('DBL29-06S', 24),
('DBL29-06S', 26),
('DBL29-06S', 41),
('DBL29-06S', 46),
('DBL29-07S', 26),
('DBL29-07S', 41),
('DBL29-07S', 46),
('DBL29-08S', 26),
('DBL29-08S', 41),
('DBL29-08S', 46),
('DBL30-01S', 6),
('DBL30-01S', 7),
('DBL30-01S', 12),
('DBL30-01S', 27),
('DBL30-01S', 35),
('DBL30-02S', 5),
('DBL30-02S', 18),
('DBL30-02S', 39),
('DBL30-03S', 24),
('DBL30-03S', 27),
('DBL30-03S', 30),
('DBL31-02S', 1),
('DBL31-02S', 11),
('DBL31-02S', 25),
('DBL31-02S', 39),
('DBL31-02S', 48),
('DBL32-01S', 22),
('DBL32-01S', 27),
('DBL32-01S', 47),
('DBL32-05S', 24),
('DBL32-05S', 27),
('DBL32-05S', 30),
('DBL33-01S', 8),
('DBL33-01S', 11),
('DBL33-01S', 15),
('DBL33-01S', 47),
('DBL33-03S', 12),
('DBL33-03S', 27),
('DBL33-03S', 29),
('DBL33-03S', 35),
('DBL33-04S', 26),
('DBL33-04S', 44),
('DBL34-02E', 8),
('DBL34-02E', 24),
('DBL34-02E', 27),
('DBL34-03S', 40),
('DBL34-03S', 46),
('DBL34-03S', 48),
('DBL35-01S', 6),
('DBL35-01S', 7),
('DBL35-01S', 9),
('DBL35-01S', 27),
('DBL35-01S', 33),
('DBL35-02S', 7),
('DBL35-02S', 8),
('DBL35-02S', 12),
('DBL35-02S', 23),
('DBL35-02S', 27),
('DBL35-02S', 35),
('DBL35-03S', 9),
('DBL35-03S', 28),
('DBL35-03S', 40),
('DBL35-04S', 9),
('DBL35-04S', 24),
('DBL35-04S', 28),
('DBL35-06E', 7),
('DBL35-06E', 9),
('DBL35-06E', 19),
('DBL35-06E', 24),
('DBL35-06E', 48),
('DBL35-08S', 7),
('DBL35-08S', 8),
('DBL35-08S', 12),
('DBL35-08S', 23),
('DBL35-08S', 24),
('DBL35-08S', 25),
('DBL35-09E', 8),
('DBL35-09E', 12),
('DBL35-09E', 24),
('DBL35-09E', 27),
('DBL35-09E', 36),
('DBL35-10S', 7),
('DBL35-10S', 11),
('DBL35-10S', 23),
('DBL35-10S', 26),
('DBL35-10S', 27),
('DBL35-10S', 31),
('DBL35-10S', 44),
('DBL35-10S', 46),
('DBL36-02S', 8),
('DBL36-02S', 15),
('DBL36-02S', 30),
('DBL36-02S', 47),
('DBL36-03S', 14),
('DBL36-03S', 24),
('DBL36-03S', 39),
('DBL37-01E', 27),
('DBL37-01E', 29),
('DBL37-01E', 30),
('DBL37-03S', 9),
('DBL37-03S', 16),
('DBL37-03S', 27),
('DBL37-03S', 29),
('DBL37-03S', 32),
('DBL38-01S', 12),
('DBL38-01S', 27),
('DBL38-01S', 35),
('DBL38-01S', 46),
('DBL38-01S', 47),
('DBL38-03S', 12),
('DBL38-03S', 13),
('DBL38-03S', 26),
('DBL38-03S', 41),
('DBL38-03S', 46),
('DBL39-03S', 15),
('DBL39-03S', 16),
('DBL39-03S', 21),
('DBL39-03S', 25),
('DBL39-03S', 29),
('DBL39-03S', 37),
('DBL40-02S', 1),
('DBL40-02S', 8),
('DBL40-02S', 24),
('DBL40-02S', 25),
('DBL40-02S', 48),
('DBL40-03S', 27),
('DBL40-03S', 29),
('DBL40-03S', 30),
('DBL41-01S', 12),
('DBL41-01S', 27),
('DBL41-01S', 29),
('DBL41-01S', 35),
('DBL41-01S', 47),
('DBL41-03S', 5),
('DBL41-03S', 24),
('DBL41-03S', 27),
('DBL45-02S', 5),
('DBL45-02S', 18),
('DBL45-02S', 22),
('DBL45-02S', 39),
('DBL45-02S', 46),
('DBL46-03S', 48),
('DBL47-01S', 12),
('DBL47-01S', 27),
('DBL47-01S', 29),
('DBL47-01S', 46),
('DBL47-02S', 12),
('DBL47-02S', 27),
('DBL47-02S', 30),
('DBL47-02S', 35),
('DBL47-02S', 46),
('DBL47-02S', 47),
('DBL47-04E', 11),
('DBL47-04E', 26),
('DBL47-04E', 27),
('DBL47-04E', 44),
('DBL47-04E', 46),
('DBL48-02S', 24);

-- --------------------------------------------------------

--
-- Structure de la table `dbl_characters`
--

CREATE TABLE `dbl_characters` (
  `Image` varchar(255) CHARACTER SET utf8 COLLATE utf8_general_ci NOT NULL,
  `Rarity` enum('HERO','EXTREME','SPARKING','ULTRA') CHARACTER SET utf8 COLLATE utf8_general_ci NOT NULL,
  `IsLF` tinyint(1) NOT NULL,
  `Name` varchar(255) CHARACTER SET utf8 COLLATE utf8_general_ci NOT NULL,
  `Color` enum('ROU','JAU','VIO','VER','BLE','LUM') CHARACTER SET utf8 COLLATE utf8_general_ci NOT NULL,
  `Tags` set('Saiyan','Saiyan metis','Super Saiyan','Super Saiyan 2','Super Saiyan 3','Super Saiyan 4','Super Saiyan divin','Super Saiyan divin SS','Super Saiyan Rose','Namek','Cyborg','Dragons malefiques','Dieu de la destruction','Ange','Enfant','Filles','Regeneration','Ennemi puissant','Guerrier transforme','Genealogie malefique','Sbire','Jumeaux','Guerrier de l''au-dela','Guerrier fusionne','Ki divin','Famille goku','Lignee royale Vegeta','Super guerrier','Armee de Freezer','Commando Ginyu','Equipe Bardock','Famille Hera','Futur','GT','Union','Absorption','Fusion','Potalas','Univers rival','Univers 2','Univers 6','Univers 9','Univers 11','Legends Road','Exclusif aux evenements') CHARACTER SET utf8 COLLATE utf8_general_ci NOT NULL
) ENGINE=MyISAM DEFAULT CHARSET=utf8mb4 COLLATE=utf8mb4_general_ci;

--
-- Déchargement des données de la table `dbl_characters`
--

INSERT INTO `dbl_characters` (`Image`, `Rarity`, `IsLF`, `Name`, `Color`, `Tags`) VALUES
('DBL13-01S', 'SPARKING', 0, 'Super Saiyan divin SS Son Goku', 'BLE', 'Saiyan,Super Saiyan divin SS,Ki divin,Famille goku'),
('DBL07-04S', 'SPARKING', 0, 'Super Saiyan Bardock', 'BLE', 'Saiyan,Super Saiyan,Equipe Bardock'),
('DBL-EVT-02S', 'SPARKING', 0, 'Broly: Furieux', 'ROU', 'Saiyan,Ennemi puissant,Armee de Freezer,Exclusif aux evenements'),
('DBL13-03S', 'SPARKING', 1, 'Super Vegetto', 'VIO', 'Saiyan,Super Saiyan,Guerrier fusionne,Potalas'),
('DBL-EVT-50S', 'SPARKING', 0, 'Super Saiyan Gogeta', 'VIO', 'Saiyan,Super Saiyan,Guerrier fusionne,Fusion,Exclusif aux evenements'),
('DBL-EVT-47S', 'SPARKING', 0, 'Son Goku', 'VIO', 'Saiyan,Famille goku,Exclusif aux evenements'),
('DBL-EVT-48S', 'SPARKING', 0, 'Krillin', 'JAU', 'Super guerrier,Exclusif aux evenements'),
('DBL-EVT-49S', 'SPARKING', 0, 'Tenshinhan', 'VER', 'Super guerrier,Exclusif aux evenements'),
('DBL-EVT-40S', 'SPARKING', 0, 'Son Goku', 'VIO', 'Saiyan,Famille goku,Exclusif aux evenements'),
('DBL-EVT-39S', 'SPARKING', 0, 'Super Saiyan Rose Goku Black', 'JAU', 'Saiyan,Super Saiyan Rose,Ennemi puissant,Ki divin,Futur,Exclusif aux evenements'),
('DBL24-08S', 'SPARKING', 0, 'Zamasu: Fusion', 'VIO', 'Regeneration,Ennemi puissant,Guerrier fusionne,Ki divin,Futur,Potalas'),
('DBL-EVT-21S', 'SPARKING', 0, 'Super Saiyan 3 Son Goku', 'JAU', 'Saiyan,Super Saiyan 3,Famille goku,Exclusif aux evenements'),
('DBL07-07S', 'SPARKING', 0, 'Super Saiyan Broly', 'VIO', 'Saiyan,Super Saiyan,Ennemi puissant'),
('DBL-EVT-19S', 'SPARKING', 0, 'Super Saiyan Son Goku', 'JAU', 'Saiyan,Super Saiyan,Famille goku,Exclusif aux evenements'),
('DBL-EVT-20S', 'SPARKING', 0, 'Super Saiyan 2 Son Goku', 'BLE', 'Saiyan,Super Saiyan 2,Guerrier de l\'au-dela,Famille goku,Exclusif aux evenements'),
('DBL-EVT-23S', 'SPARKING', 0, 'Super Saiyan Divin SS Son Goku', 'VIO', 'Saiyan,Super Saiyan divin SS,Ki divin,Famille goku,Exclusif aux evenements'),
('DBL-EVT-18S', 'SPARKING', 0, 'Son Goku', 'ROU', 'Saiyan,Famille goku,Exclusif aux evenements'),
('DBL-EVT-22S', 'SPARKING', 0, 'Super Saiyan Divin Son Goku', 'VER', 'Saiyan,Super Saiyan divin,Ki divin,Famille goku,Exclusif aux evenements'),
('DBL12-01S', 'SPARKING', 0, 'Super Saiyan legendaire Broly', 'VER', 'Saiyan,Super Saiyan,Ennemi puissant'),
('DBL11-02S', 'SPARKING', 0, 'Super Saiyan Vegeta', 'JAU', 'Saiyan,Super Saiyan,Lignee royale Vegeta,GT'),
('DBL23-05S', 'SPARKING', 0, 'Super Saiyan Kefla', 'VER', 'Saiyan,Super Saiyan 2,Filles,Guerrier fusionne,Potalas,Univers rival,Univers 6'),
('DBL24-03S', 'SPARKING', 0, 'Super Saiyan 4 Ultra Puissance Max SonGoku', 'VER', 'Saiyan,Super Saiyan 4,Famille goku,GT'),
('DBL24-01S', 'SPARKING', 1, 'Super Saiyan Divin SS Vegetto', 'BLE', 'Saiyan,Super Saiyan divin SS,Guerrier fusionne,Ki divin,Futur,Potalas'),
('DBL35-02S', 'SPARKING', 0, 'Super Saiyan Divin SS Vegetto', 'VIO', 'Saiyan,Super Saiyan divin SS,Guerrier fusionne,Ki divin,Futur,Potalas'),
('DBL18-06S', 'SPARKING', 0, 'Super Saiyan Rose Goku Black', 'ROU', 'Saiyan,Super Saiyan Rose,Ennemi puissant,Ki divin,Futur'),
('DBL05-10S', 'SPARKING', 0, 'Super Gogeta', 'ROU', 'Saiyan,Super Saiyan,Guerrier de l\'au-dela,Guerrier fusionne,Fusion'),
('DBL-EVT-15S', 'SPARKING', 0, 'Vegeta', 'ROU', 'Saiyan,Lignee royale Vegeta,Exclusif aux evenements'),
('DBL-EVT-46S', 'SPARKING', 0, 'Super Saiyan Trunks Jeune', 'JAU', 'Saiyan metis,Super Saiyan,Lignee royale Vegeta,Futur,Exclusif aux evenements'),
('DBL01-04S', 'SPARKING', 0, 'Super Saiyan Son Goku', 'ROU', 'Saiyan,Super Saiyan,Famille goku'),
('DBL25-05S', 'SPARKING', 0, 'Super Saiyan divin SS Vegeta', 'VIO', 'Saiyan,Super Saiyan divin SS,Ki divin,Lignee royale Vegeta,Futur'),
('DBL-EVT-00S', 'SPARKING', 0, 'Goku', 'BLE', 'Saiyan,Famille goku,Exclusif aux evenements'),
('DBL25-04S', 'SPARKING', 0, 'Super Saiyan Divin SS Son Goku', 'ROU', 'Saiyan,Super Saiyan divin SS,Ki divin,Famille goku,Futur'),
('DBL24-05S', 'SPARKING', 0, 'Super Saiyan Trunks Adulte: furieux', 'JAU', 'Saiyan metis,Super Saiyan,Lignee royale Vegeta,Futur'),
('DBL-EVT-16S', 'SPARKING', 0, 'Son Gohan Ultime Absorbe Boo', 'VIO', 'Regeneration,Ennemi puissant,Absorption,Exclusif aux evenements'),
('DBL-EVT-17U', 'ULTRA', 0, 'Super Saiyan Son Goku', 'ROU', 'Saiyan,Super Saiyan,Famille goku,Exclusif aux evenements'),
('DBL13-02S', 'SPARKING', 0, 'Super Saiyan Divin SS Vegeta', 'VIO', 'Saiyan,Super Saiyan divin SS,Ki divin,Lignee royale Vegeta'),
('DBL19-01S', 'SPARKING', 0, 'Bardock', 'JAU', 'Saiyan'),
('DBL19-07S', 'SPARKING', 0, 'Super Saiyan 4 Vegeta', 'ROU', 'Saiyan,Super Saiyan 4,Lignee royale Vegeta,GT'),
('DBL12-02S', 'SPARKING', 0, 'Metal Cooler', 'ROU', 'Regeneration,Ennemi puissant,Genealogie malefique,Union'),
('DBL17-06S', 'SPARKING', 0, 'Boo: petit', 'ROU', 'Regeneration,Ennemi puissant,Absorption'),
('DBL36-02S', 'SPARKING', 0, 'Super Saiyan Trunks Jeune', 'VER', 'Saiyan metis,Super Saiyan,Lignee royale Vegeta,Futur'),
('DBL-EVT-14S', 'SPARKING', 0, 'Kakarot Son Goku', 'ROU', 'Saiyan,Famille goku,Exclusif aux evenements'),
('DBL17-01S', 'SPARKING', 0, 'Super Saiyan Son Gohan Enfant', 'JAU', 'Saiyan metis,Super Saiyan,Super Saiyan 2,Famille goku'),
('DBL28-06S', 'SPARKING', 0, 'Vados', 'VER', 'Ange,Filles,Ki divin,Univers rival,Univers 6'),
('DBL19-03S', 'SPARKING', 0, 'Heros Tapion', 'ROU', ''),
('DBL27-05S', 'SPARKING', 0, 'Great Saiyaman 1 & 2 (Soutien)', 'ROU', 'Saiyan metis,Filles,Guerrier transforme,Famille goku'),
('DBL29-01S', 'SPARKING', 0, 'Super Saiyan Vegeta', 'VIO', 'Saiyan,Super Saiyan,Lignee royale Vegeta'),
('DBL18-01S', 'SPARKING', 0, 'Forme Finale Freezer', 'ROU', 'Ennemi puissant,Guerrier transforme,Genealogie malefique,Armee de Freezer'),
('DBL38-03S', 'SPARKING', 0, 'Dieu de la destruction Toppo', 'VER', 'Dieu de la destruction,Ki divin,Univers rival,Univers 11'),
('DBL19-05S', 'SPARKING', 0, 'Super Saiyan 4 Son Goku', 'VIO', 'Saiyan,Super Saiyan 4,Famille goku,GT'),
('DBL-EVT-07S', 'SPARKING', 0, 'Vegetto', 'ROU', 'Saiyan,Guerrier fusionne,Potalas,Exclusif aux evenements'),
('DBL06-11S', 'SPARKING', 0, 'Super Saiyan 3 Son Goku', 'VIO', 'Saiyan,Super Saiyan 3,Guerrier de l\'au-dela,Famille goku'),
('DBL-EVT-37S', 'SPARKING', 0, 'Boo: petit', 'VER', 'Regeneration,Ennemi puissant,Absorption,Exclusif aux evenements'),
('DBL18-05S', 'SPARKING', 1, 'Super Saiyan Divin SS Vegeta', 'VER', 'Saiyan,Super Saiyan divin SS,Ki divin,Lignee royale Vegeta,Futur'),
('DBL10-06S', 'SPARKING', 1, 'Super Saiyan 2 Son Gohan Enfant', 'ROU', 'Saiyan metis,Super Saiyan 2,Famille goku'),
('DBL-EVT-09S', 'SPARKING', 0, 'Union avec le Tout-Puissant Piccolo', 'JAU', 'Namek,Regeneration,Super guerrier,Union,Legends Road,Exclusif aux evenements'),
('DBL12-06S', 'SPARKING', 1, 'Super Saiyan Son Goten Petit', 'VIO', 'Saiyan metis,Super Saiyan,Enfant,Famille goku'),
('DBL05-11S', 'SPARKING', 0, 'Super Janemba', 'VIO', 'Regeneration,Ennemi puissant,Guerrier transforme'),
('DBL13-06S', 'SPARKING', 0, 'Golden Freezer', 'VER', 'Ennemi puissant,Guerrier transforme,Genealogie malefique,Armee de Freezer'),
('DBL08-10S', 'SPARKING', 0, 'Forme Finale Cooler', 'BLE', 'Ennemi puissant,Guerrier transforme,Genealogie malefique'),
('DBL28-05S', 'SPARKING', 0, 'Dieu de la destruction Champa', 'JAU', 'Dieu de la destruction,Jumeaux,Ki divin,Univers rival,Univers 6'),
('DBL14-04S', 'SPARKING', 0, 'Trunks Jeune', 'VIO', 'Saiyan metis,Super Saiyan,Lignee royale Vegeta,Futur'),
('DBL26-02S', 'SPARKING', 0, 'Son Gohan Adulte', 'BLE', 'Saiyan metis,Famille goku'),
('DBL16-01S', 'SPARKING', 0, 'Son Goku', 'VER', 'Saiyan,Famille goku'),
('DBL23-02S', 'SPARKING', 0, 'Forme initiale Cell', 'VER', 'Cyborg,Regeneration,Ennemi puissant,Futur,Absorption'),
('DBL29-08S', 'SPARKING', 0, 'Dyspo', 'ROU', 'Univers rival,Univers 11'),
('DBL15-07S', 'SPARKING', 0, 'Super Saiyan Divin SS Son Goku', 'JAU', 'Saiyan,Super Saiyan divin SS,Ki divin,Famille goku'),
('DBL14-10E', 'EXTREME', 0, 'Ginyu', 'VIO', 'Armee de Freezer,Commando Ginyu'),
('DBL19-02E', 'EXTREME', 0, 'Trunks petit', 'VER', 'Saiyan metis,Enfant,Lignee royale Vegeta'),
('DBL13-04E', 'EXTREME', 0, 'Dieu de la destruction Beerus', 'JAU', 'Dieu de la destruction,Ennemi puissant,Jumeaux,Ki divin'),
('DBL16-12E', 'EXTREME', 0, 'Krillin', 'VIO', 'Super guerrier'),
('DBL12-05S', 'SPARKING', 0, 'Super Saiyan Son Gohan jeune', 'BLE', 'Saiyan metis,Super Saiyan,Famille goku'),
('DBL03-04E', 'EXTREME', 0, 'Vegeta', 'JAU', 'Saiyan,Ennemi puissant,Lignee royale Vegeta,Armee de Freezer'),
('DBL-EVT-10S', 'SPARKING', 0, 'Son Goku Ginyu', 'ROU', 'Saiyan,Armee de Freezer,Commando Ginyu,Exclusif aux evenements'),
('DBL11-03E', 'EXTREME', 0, 'Trunks', 'VER', 'Saiyan metis,Lignee royale Vegeta,GT'),
('DBL04-11S', 'SPARKING', 0, 'Super Saiyan 2 Son Gohan Enfant', 'VIO', 'Saiyan metis,Super Saiyan 2,Famille goku'),
('DBL10-02S', 'SPARKING', 0, 'Son Gohan ultime', 'VER', 'Saiyan metis,Famille goku'),
('DBL17-05S', 'SPARKING', 1, 'Super Saiyan 3 Son Goku', 'VER', 'Saiyan,Super Saiyan 3,Famille goku'),
('DBL01-40E', 'EXTREME', 0, '1re forme Freezer', 'BLE', 'Ennemi puissant,Guerrier transforme,Genealogie malefique,Armee de Freezer'),
('DBL01-21E', 'EXTREME', 0, 'Raditz', 'BLE', 'Saiyan,Armee de Freezer'),
('DBL30-03S', 'SPARKING', 1, 'Super Saiyan Broly Pleine Puissance', 'BLE', 'Saiyan,Super Saiyan,Ennemi puissant'),
('DBL-EVT-08S', 'SPARKING', 0, 'Super Saiyan Son Goku', 'ROU', 'Saiyan,Super Saiyan,Famille goku,Legends Road,Exclusif aux evenements'),
('DBL17-02E', 'EXTREME', 0, 'Super Saiyan legendaire Broly', 'JAU', 'Saiyan,Super Saiyan,Ennemi puissant'),
('DBL04-02E', 'EXTREME', 0, '2e forme Cell', 'BLE', 'Cyborg,Regeneration,Ennemi puissant,Futur,Absorption'),
('DBL29-05E', 'EXTREME', 0, 'Forme Finale Freezer', 'BLE', 'Ennemi puissant,Guerrier transforme,Genealogie malefique,Armee de Freezer'),
('DBL15-03E', 'EXTREME', 0, 'Bojack', 'VER', 'Ennemi puissant,Guerrier transforme,Famille Hera'),
('DBL15-01S', 'SPARKING', 0, 'Son Gohan', 'VER', 'Saiyan metis,Super Saiyan,Famille goku,Futur'),
('DBL08-02S', 'SPARKING', 0, 'Super Saiyan 2 Trunks', 'BLE', 'Saiyan metis,Super Saiyan 2,Lignee royale Vegeta,Futur'),
('DBL06-13S', 'SPARKING', 0, 'Goku Black', 'JAU', 'Saiyan,Ennemi puissant,Futur'),
('DBL01-19E', 'EXTREME', 0, 'Nappa', 'ROU', 'Saiyan,Armee de Freezer'),
('DBL16-11E', 'EXTREME', 0, 'Son Gohan petit', 'JAU', 'Saiyan metis,Enfant,Famille goku'),
('DBL24-02E', 'EXTREME', 0, 'Gogeta', 'ROU', 'Saiyan,Guerrier fusionne,Fusion'),
('DBL20-06S', 'SPARKING', 0, 'Super Saiyan Vegeta', 'BLE', 'Saiyan,Super Saiyan,Super Saiyan divin SS,Ki divin,Lignee royale Vegeta'),
('DBL34-03S', 'SPARKING', 0, 'C-17', 'JAU', 'Cyborg,Jumeaux'),
('DBL14-08E', 'EXTREME', 0, 'Jeese', 'ROU', 'Armee de Freezer,Commando Ginyu'),
('DBL-EVT-44S', 'SPARKING', 0, 'Super Saiyan Divin SS Son Goku', 'ROU', 'Saiyan,Super Saiyan divin SS,Ki divin,Famille goku,Exclusif aux evenements'),
('DBL14-01S', 'SPARKING', 0, 'Vegeta', 'BLE', 'Saiyan,Super Saiyan,Lignee royale Vegeta'),
('DBL26-05E', 'EXTREME', 0, 'Super Saiyan 2 Son Goku', 'VIO', 'Saiyan,Super Saiyan 2,Guerrier de l\'au-dela,Famille goku'),
('DBL21-02S', 'SPARKING', 0, 'Baby Vegeta', 'VER', 'Saiyan,Regeneration,Ennemi puissant,Guerrier transforme,GT,Union'),
('DBL22-01S', 'SPARKING', 0, 'Son Goku', 'BLE', 'Saiyan,Famille goku'),
('DBL31-02S', 'SPARKING', 0, 'C-21: Gentille', 'VER', 'Cyborg,Filles,Regeneration,Guerrier transforme,Absorption'),
('DBL07-11S', 'SPARKING', 1, 'Dieu de la destruction Beerus', 'VER', 'Dieu de la destruction,Ennemi puissant,Jumeaux,Ki divin'),
('DBL29-06S', 'SPARKING', 0, 'Jiren', 'VER', 'Ennemi puissant,Univers rival,Univers 11'),
('DBL07-05S', 'SPARKING', 0, 'Chilled', 'VIO', 'Ennemi puissant,Genealogie malefique'),
('DBL06-01S', 'SPARKING', 0, 'Super Saiyan Gotenks', 'VIO', 'Saiyan metis,Super Saiyan,Enfant,Guerrier fusionne,Fusion'),
('DBL17-03S', 'SPARKING', 0, 'Bojack puissance max', 'VIO', 'Ennemi puissant,Guerrier transforme,Famille Hera'),
('DBL13-05E', 'EXTREME', 0, 'Whis', 'ROU', 'Ange,Ki divin'),
('DBL47-01S', 'SPARKING', 1, 'Ultra Instinct Son Goku', 'ROU', 'Saiyan,Ki divin,Famille goku'),
('DBL13-08E', 'EXTREME', 0, 'Super Janemba', 'JAU', 'Regeneration,Ennemi puissant,Guerrier transforme'),
('DBL29-07S', 'SPARKING', 0, 'Toppo', 'BLE', 'Univers rival,Univers 11'),
('DBL26-08S', 'SPARKING', 0, 'Forme Parfaite Cell', 'ROU', 'Cyborg,Regeneration,Ennemi puissant,Futur,Absorption'),
('DBL41-01S', 'SPARKING', 1, 'Super Saiyan divin SS Son Goku ', 'VIO', 'Saiyan,Super Saiyan divin SS,Ki divin,Famille goku,Lignee royale Vegeta'),
('DBL07-01S', 'SPARKING', 0, 'Super Saiyan 2 Son Goku', 'JAU', 'Saiyan,Super Saiyan 2,Guerrier de l\'au-dela,Famille goku'),
('DBL11-04S', 'SPARKING', 0, 'Hyper Mega Rild', 'ROU', 'Ennemi puissant,GT,Union'),
('DBL25-08S', 'SPARKING', 0, 'Thales', 'JAU', 'Saiyan,Ennemi puissant'),
('DBL03-15S', 'SPARKING', 0, 'Super Trunks', 'VER', 'Saiyan metis,Super Saiyan,Lignee royale Vegeta,Futur'),
('DBL16-03E', 'EXTREME', 0, 'Nail', 'VIO', 'Namek,Regeneration'),
('DBL26-03S', 'SPARKING', 0, 'Boo Gotenks absorbé', 'BLE', 'Regeneration,Ennemi puissant,Absorption'),
('DBL01-41S', 'SPARKING', 0, 'Forme Finale Freezer', 'JAU', 'Ennemi puissant,Guerrier transforme,Genealogie malefique,Armee de Freezer'),
('DBL08-09E', 'EXTREME', 0, 'Selipa', 'ROU', 'Saiyan,Filles,Equipe Bardock'),
('DBL11-01S', 'SPARKING', 0, 'Super Saiyan Son Goku', 'VER', 'Saiyan,Super Saiyan,Enfant,Famille goku,GT'),
('DBL14-07E', 'EXTREME', 0, 'Butta', 'JAU', 'Armee de Freezer,Commando Ginyu'),
('DBL35-10S', 'SPARKING', 0, 'Super Saiyan 2 Kefla', 'ROU', 'Saiyan,Super Saiyan 2,Filles,Guerrier fusionne,Potalas,Univers rival,Univers 6'),
('DBL35-04S', 'SPARKING', 0, 'Suu Shenron', 'JAU', 'Dragons malefiques,Jumeaux,GT'),
('DBL14-03S', 'SPARKING', 0, 'C-15', 'VIO', 'Cyborg'),
('DBL06-06S', 'SPARKING', 0, 'Boo', 'VER', 'Regeneration,Ennemi puissant,Absorption'),
('DBL33-01S', 'SPARKING', 0, 'Trunks: Mai (Soutien)', 'ROU', 'Saiyan metis,Filles,Lignee royale Vegeta,Futur'),
('DBL27-06S', 'SPARKING', 0, 'Goku Black', 'VER', 'Saiyan,Super Saiyan Rose,Ennemi puissant,Ki divin,Futur'),
('DBL30-02S', 'SPARKING', 0, 'Forme finale Freezer', 'ROU', 'Guerrier transforme,Genealogie malefique,Armee de Freezer'),
('DBL33-03S', 'SPARKING', 0, 'Super Saiyan Divin SS Son Goku', 'BLE', 'Saiyan,Super Saiyan divin SS,Ki divin,Famille goku'),
('DBL25-03E', 'EXTREME', 0, 'Tenshinhan', 'VER', 'Super guerrier'),
('DBL01-17S', 'SPARKING', 0, 'Vegeta', 'VIO', 'Saiyan,Ennemi puissant,Lignee royale Vegeta,Armee de Freezer'),
('DBL29-02S', 'SPARKING', 0, 'Metal Cooler', 'VER', 'Regeneration,Ennemi puissant,Genealogie malefique,Union'),
('DBL37-01E', 'EXTREME', 0, 'Super Saiyan Son Goku', 'VER', 'Saiyan,Super Saiyan,Famille goku'),
('DBL22-08S', 'SPARKING', 0, 'Vegetto', 'JAU', 'Saiyan,Super Saiyan,Guerrier fusionne,Potalas'),
('DBL30-01S', 'SPARKING', 1, 'Super Saiyan divin SS Gogeta', 'JAU', 'Saiyan,Super Saiyan divin SS,Guerrier fusionne,Ki divin,Fusion'),
('DBL01-44S', 'SPARKING', 0, 'Ginyu', 'VER', 'Armee de Freezer,Commando Ginyu'),
('DBL29-04S', 'SPARKING', 1, 'Signes de l Ultra Instinct Son Goku', 'VIO', 'Saiyan,Ki divin,Famille goku'),
('DBL01-35S', 'SPARKING', 0, 'Super Saiyan legendaire Broly', 'BLE', 'Saiyan,Super Saiyan,Ennemi puissant'),
('DBL19-06E', 'EXTREME', 0, 'Son Goku', 'VIO', 'Saiyan,Enfant,Famille goku,GT'),
('DBL17-04E', 'EXTREME', 0, 'C-13', 'ROU', 'Cyborg,Ennemi puissant'),
('DBL21-01S', 'SPARKING', 0, 'Li Shenron', 'JAU', 'Dragons malefiques,Ennemi puissant,GT'),
('DBL35-08S', 'SPARKING', 1, 'Corrompu Zamasu: Fusion', 'ROU', 'Regeneration,Ennemi puissant,Guerrier fusionne,Ki divin,Futur,Potalas'),
('DBL28-03S', 'SPARKING', 0, 'Basil', 'BLE', 'Univers rival,Univers 9'),
('DBL16-13S', 'SPARKING', 0, 'Super C-17', 'VER', 'Cyborg,Ennemi puissant,Guerrier fusionne,GT,Union'),
('DBL27-02S', 'SPARKING', 0, 'Son Goten petit', 'JAU', 'Saiyan metis,Super Saiyan,Enfant,Famille goku'),
('DBL25-07S', 'SPARKING', 0, 'Super Saiyan Son Goku', 'VER', 'Saiyan,Super Saiyan,Famille goku'),
('DBL16-02S', 'SPARKING', 0, 'Fusion C-13', 'ROU', 'Cyborg,Ennemi puissant,Guerrier fusionne,Absorption'),
('DBL12-04S', 'SPARKING', 0, 'Super Saiyan Son Goku', 'JAU', 'Saiyan,Super Saiyan,Guerrier de l\'au-dela,Famille goku'),
('DBL19-08S', 'SPARKING', 0, 'Super Baby 2', 'BLE', 'Saiyan,Regeneration,Ennemi puissant,Guerrier transforme,GT,Union'),
('DBL20-05S', 'SPARKING', 0, 'Super Saiyan Divin Son Goku', 'VIO', 'Saiyan,Super Saiyan divin,Ki divin,Famille goku'),
('DBL01-33E', 'EXTREME', 0, 'Krillin', 'ROU', 'Super guerrier'),
('DBL09-03S', 'SPARKING', 0, 'Super Saiyan 2 Caulifla', 'VIO', 'Saiyan,Super Saiyan 2,Filles,Univers rival,Univers 6'),
('DBL35-03S', 'SPARKING', 0, 'San Shenron', 'BLE', 'Dragons malefiques,Jumeaux,GT'),
('DBL15-05S', 'SPARKING', 1, 'Son Goku', 'BLE', 'Saiyan,Super Saiyan,Famille goku'),
('DBL33-04S', 'SPARKING', 0, 'Hit', 'VIO', 'Univers rival,Univers 6'),
('DBL-EVT-45S', 'SPARKING', 0, 'Super Saiyan Divin SS Vegeta', 'BLE', 'Saiyan,Super Saiyan divin SS,Ki divin,Lignee royale Vegeta,Exclusif aux evenements'),
('DBL13-07E', 'EXTREME', 0, 'Chilled', 'JAU', 'Ennemi puissant,Genealogie malefique'),
('DBL23-04S', 'SPARKING', 0, 'Super Saiyan Gotenks', 'ROU', 'Saiyan metis,Super Saiyan,Super Saiyan 3,Enfant,Guerrier fusionne,Fusion'),
('DBL23-01S', 'SPARKING', 0, 'Super Saiyan Trunks jeune', 'ROU', 'Saiyan metis,Super Saiyan,Lignee royale Vegeta,Futur'),
('DBL24-09S', 'SPARKING', 0, 'Omega Shenron', 'ROU', 'Dragons malefiques,Regeneration,Ennemi puissant,Guerrier fusionne,GT,Absorption'),
('DBL14-09E', 'EXTREME', 0, 'Guldo', 'VER', 'Armee de Freezer,Commando Ginyu'),
('DBL14-06E', 'EXTREME', 0, 'Reacum', 'BLE', 'Armee de Freezer,Commando Ginyu'),
('DBL36-03S', 'SPARKING', 0, 'Bojack', 'ROU', 'Ennemi puissant,Guerrier transforme,Famille Hera'),
('DBL35-06E', 'EXTREME', 0, 'Super C-17', 'VIO', 'Cyborg,Ennemi puissant,Guerrier fusionne,GT,Union'),
('DBL18-03S', 'SPARKING', 0, 'Cooler', 'VIO', 'Ennemi puissant,Guerrier transforme,Genealogie malefique'),
('DBL10-09S', 'SPARKING', 0, 'Cell Parfait', 'JAU', 'Cyborg,Regeneration,Ennemi puissant,Futur,Absorption'),
('DBL02-01S', 'SPARKING', 0, 'Super Saiyan Vegeta', 'ROU', 'Saiyan,Super Saiyan,Lignee royale Vegeta'),
('DBL13-09S', 'SPARKING', 0, 'Son Gohan ultime absorbe Boo', 'VER', 'Regeneration,Ennemi puissant,Absorption'),
('DBL02-13S', 'SPARKING', 0, 'Thales', 'VIO', 'Saiyan,Ennemi puissant'),
('DBL16-10S', 'SPARKING', 0, 'Son Goku', 'ROU', 'Saiyan,Enfant,Famille goku,GT'),
('DBL32-05S', 'SPARKING', 0, 'Super Saiyan Broly', 'JAU', 'Saiyan,Super Saiyan,Ennemi puissant'),
('DBL08-03S', 'SPARKING', 0, 'Mai', 'VER', 'Filles,Futur'),
('DBL39-03S', 'SPARKING', 0, 'Son Gohan petit: Piccolo (Soutien)', 'VER', 'Saiyan metis,Namek,Enfant,Regeneration,Famille goku,Super guerrier'),
('DBL35-09E', 'EXTREME', 0, 'Super Saiyan Rose Goku Black', 'JAU', 'Saiyan,Super Saiyan Rose,Ennemi puissant,Ki divin,Futur'),
('DBL06-07S', 'SPARKING', 0, 'Le roi du monde des tenebres Dabra', 'BLE', ''),
('DBL10-11S', 'SPARKING', 0, 'Gogeta', 'BLE', 'Saiyan,Super Saiyan,Guerrier fusionne,Fusion'),
('DBL08-08E', 'EXTREME', 0, 'Toma', 'VIO', 'Saiyan,Equipe Bardock'),
('DBL24-04E', 'EXTREME', 0, 'Super Vegeta', 'VER', 'Saiyan,Super Saiyan,Lignee royale Vegeta'),
('DBL-EVT-01S', 'SPARKING', 0, 'Son Goku enfant', 'JAU', 'Saiyan,Enfant,Famille goku,Legends Road,Exclusif aux evenements'),
('DBL24-10E', 'EXTREME', 0, 'Li Shenron', 'BLE', 'Dragons malefiques,Ennemi puissant,GT'),
('DBL15-08S', 'SPARKING', 0, 'Hit', 'JAU', 'Ennemi puissant,Univers rival,Univers 6'),
('DBL05-01S', 'SPARKING', 0, 'Super Saiyan Son Goten petit', 'VER', 'Saiyan metis,Super Saiyan,Enfant,Famille goku'),
('DBL07-09S', 'SPARKING', 0, 'Super Saiyan divin Son Goku', 'ROU', 'Saiyan,Super Saiyan divin,Ki divin,Famille goku'),
('DBL15-06S', 'SPARKING', 0, 'Forme finale Freezer: pleine puissance', 'JAU', 'Ennemi puissant,Guerrier transforme,Genealogie malefique,Armee de Freezer'),
('DBL20-01S', 'SPARKING', 0, 'Super Gogeta', 'VER', 'Saiyan,Super Saiyan,Guerrier de l\'au-dela,Guerrier fusionne,Fusion'),
('DBL32-01S', 'SPARKING', 0, 'Vegeta', 'JAU', 'Saiyan,Guerrier de l\'au-dela,Lignee royale Vegeta'),
('DBL10-03S', 'SPARKING', 0, 'Super Saiyan 2 Vegeta', 'VIO', 'Saiyan,Super Saiyan 2,Lignee royale Vegeta'),
('DBL01-43E', 'EXTREME', 0, '3e forme Freezer', 'VIO', 'Ennemi puissant,Guerrier transforme,Genealogie malefique,Armee de Freezer'),
('DBL11-08S', 'SPARKING', 0, 'Super Saiyan 3 Gotenks', 'JAU', 'Saiyan metis,Super Saiyan 3,Enfant,Guerrier fusionne,Fusion'),
('DBL03-13S', 'SPARKING', 0, '1re forme Freezer', 'BLE', 'Ennemi puissant,Guerrier transforme,Genealogie malefique,Armee de Freezer'),
('DBL15-02S', 'SPARKING', 0, 'Goku Black', 'VIO', 'Saiyan,Ennemi puissant,Futur'),
('DBL34-02E', 'EXTREME', 0, 'Goku Black', 'BLE', 'Saiyan,Ennemi puissant,Futur'),
('DBL21-04E', 'EXTREME', 0, 'Boo', 'BLE', 'Regeneration,Ennemi puissant,Absorption'),
('DBL16-05E', 'EXTREME', 0, 'Zamasu', 'VER', 'Regeneration,Ennemi puissant,Ki divin,Futur'),
('DBL22-04S', 'SPARKING', 0, 'Raditz', 'VER', 'Saiyan,Armee de Freezer'),
('DBL-EVT-38U', 'ULTRA', 0, 'Omega Shenron', 'ROU', 'Dragons malefiques,Regeneration,Ennemi puissant,Guerrier fusionne,GT,Absorption,Exclusif aux evenements'),
('DBL27-03S', 'SPARKING', 0, 'Trunks petit', 'VER', 'Saiyan metis,Super Saiyan,Enfant,Lignee royale Vegeta'),
('DBL-EVT-13S', 'SPARKING', 0, 'C-21', 'BLE', 'Cyborg,Filles,Regeneration,Ennemi puissant,Guerrier transforme,Absorption,Exclusif aux evenements'),
('DBL35-01S', 'SPARKING', 1, 'Super Saiyan 4 Gogeta', 'VER', 'Saiyan,Super Saiyan 4,Guerrier fusionne,GT,Fusion'),
('DBL22-09S', 'SPARKING', 0, 'Broly: Cheelai (Soutien)', 'BLE', 'Saiyan,Filles,Armee de Freezer'),
('DBL-EVT-03S', 'SPARKING', 0, 'Trunks enfant', 'BLE', 'Saiyan metis,Super Saiyan,Lignee royale Vegeta,Futur,Legends Road,Exclusif aux evenements'),
('DBL11-09S', 'SPARKING', 0, 'Boo: Super', 'VIO', 'Regeneration,Ennemi puissant,Absorption'),
('DBL38-01S', 'SPARKING', 1, 'Super Saiyan Divin SS evolue Vegeta', 'JAU', 'Saiyan,Super Saiyan divin SS,Ki divin,Lignee royale Vegeta'),
('DBL10-10S', 'SPARKING', 0, 'Super Namek Slug', 'BLE', 'Namek,Regeneration,Ennemi puissant'),
('DBL40-02S', 'SPARKING', 1, 'Cell parfait', 'VIO', 'Cyborg,Regeneration,Ennemi puissant,Futur,Absorption'),
('DBL08-06E', 'EXTREME', 0, 'Son Gohan', 'VER', 'Saiyan metis,Famille goku,Futur'),
('DBL07-03E', 'EXTREME', 0, 'Super Saiyan Trunks jeune', 'VER', 'Saiyan metis,Super Saiyan,Lignee royale Vegeta,Futur'),
('DBL48-02S', 'SPARKING', 0, 'Heros Tapion', 'JAU', 'Ennemi puissant'),
('DBL05-05S', 'SPARKING', 0, 'Union avec le Tout-puissant Piccolo', 'BLE', 'Namek,Regeneration,Super guerrier,Union'),
('DBL08-01S', 'SPARKING', 0, 'Super Saiyan Son Gohan', 'JAU', 'Saiyan metis,Super Saiyan,Famille goku,Futur'),
('DBL47-02S', 'SPARKING', 0, 'Super Saiyan Vegeta', 'BLE', 'Saiyan,Super Saiyan,Super Saiyan divin SS,Ki divin,Lignee royale Vegeta'),
('DBL40-03S', 'SPARKING', 0, 'Super Saiyan Son Goku', 'JAU', 'Saiyan,Super Saiyan,Famille goku'),
('DBL45-02S', 'SPARKING', 0, 'Golden Freezer', 'VER', 'Guerrier transforme,Genealogie malefique,Guerrier de l\'au-dela,Armee de Freezer'),
('DBL41-03S', 'SPARKING', 0, 'Broly', 'VER', 'Saiyan,Ennemi puissant,Armee de Freezer'),
('DBL14-05S', 'SPARKING', 0, 'C-13', 'BLE', 'Cyborg,Ennemi puissant'),
('DBL18-02E', 'EXTREME', 0, '2e forme Freezer', 'JAU', 'Ennemi puissant,Guerrier transforme,Genealogie malefique,Armee de Freezer'),
('DBL16-09S', 'SPARKING', 0, 'Rosie', 'JAU', 'Filles,Guerrier transforme,Univers rival,Univers 2'),
('DBL37-03S', 'SPARKING', 0, 'Super Saiyan 3 Son Goku', 'BLE', 'Saiyan,Super Saiyan 3,Enfant,Famille goku,GT'),
('DBL47-04E', 'EXTREME', 0, 'Kale', 'BLE', 'Saiyan,Filles,Univers rival,Univers 6'),
('DBL28-01S', 'SPARKING', 0, 'Bergamo', 'ROU', 'Univers rival,Univers 9'),
('DBL16-06S', 'SPARKING', 0, 'Bunny Girl Bulma Enfant', 'VER', 'Filles'),
('DBL03-14S', 'SPARKING', 0, 'Super Vegeta', 'JAU', 'Saiyan,Super Saiyan,Lignee royale Vegeta'),
('DBL05-03S', 'SPARKING', 0, 'Super Saiyan Trunks petit', 'JAU', 'Saiyan metis,Super Saiyan,Enfant,Lignee royale Vegeta'),
('DBL26-06S', 'SPARKING', 1, 'Vegeta', 'BLE', 'Saiyan,Super Saiyan 2,Lignee royale Vegeta'),
('DBL22-02S', 'SPARKING', 0, 'Bardock', 'ROU', 'Saiyan,Equipe Bardock'),
('DBL20-02S', 'SPARKING', 0, 'Super Janemba', 'ROU', 'Regeneration,Ennemi puissant,Guerrier transforme'),
('DBL-EVT-12S', 'SPARKING', 0, 'Super Saiyan Son Gohan jeune', 'VER', 'Saiyan metis,Super Saiyan,Famille goku,Legends Road,Exclusif aux evenements'),
('DBL07-08S', 'SPARKING', 0, 'Son Goku', 'BLE', 'Saiyan,Famille goku'),
('DBL16-07S', 'SPARKING', 0, 'C-18', 'ROU', 'Cyborg,Filles,Jumeaux'),
('DBL02-02S', 'SPARKING', 0, 'Super Saiyan Trunks jeune', 'ROU', 'Saiyan metis,Super Saiyan,Lignee royale Vegeta,Futur'),
('DBL04-01S', 'SPARKING', 0, 'Super Saiyan Son Goku', 'VER', 'Saiyan,Super Saiyan,Famille goku'),
('DBL11-06S', 'SPARKING', 0, 'Great Saiyaman 2', 'ROU', 'Filles,Guerrier transforme'),
('DBL01-38E', 'EXTREME', 0, 'Yamcha', 'VER', 'Super guerrier'),
('DBL46-03S', 'SPARKING', 0, 'Gamma 1', 'VER', 'Cyborg'),
('DBL05-08S', 'SPARKING', 0, 'Piccolo Daimao', 'JAU', 'Namek,Regeneration,Ennemi puissant'),
('DBL24-14E', 'EXTREME', 0, 'Son Goku enfant', 'BLE', 'Saiyan,Enfant,Famille goku'),
('DBL01-36S', 'SPARKING', 0, 'Son Gohan petit', 'JAU', 'Saiyan metis,Enfant,Famille goku'),
('DBL24-13S', 'SPARKING', 0, 'Super Kaioken Son Goku', 'VER', 'Saiyan,Super Saiyan,Guerrier de l\'au-dela,Famille goku'),
('DBL-EVT-24U', 'ULTRA', 0, 'Vegeta', 'VIO', 'Saiyan,Lignee royale Vegeta,Exclusif aux evenements'),
('DBL25-01E', 'EXTREME', 0, 'Krillin', 'VIO', 'Super guerrier'),
('DBL05-06S', 'SPARKING', 0, 'C-16', 'VER', 'Cyborg'),
('DBL03-16E', 'EXTREME', 0, 'C-17', 'ROU', 'Cyborg,Jumeaux'),
('DBL21-05S', 'SPARKING', 0, 'C-21: malefique', 'VIO', 'Cyborg,Filles,Regeneration,Ennemi puissant,Guerrier transforme,Absorption'),
('DBL26-01E', 'EXTREME', 0, 'Super Saiyan Son Goku', 'VIO', 'Saiyan,Super Saiyan,Famille goku'),
('DBL02-03E', 'EXTREME', 0, 'Trunks jeune', 'JAU', 'Saiyan metis,Lignee royale Vegeta,Futur'),
('DBL02-14E', 'EXTREME', 0, 'Thales', 'VER', 'Saiyan,Ennemi puissant'),
('DBL24-07H', 'HERO', 0, 'Videl', 'ROU', 'Filles'),
('DBL-EVT-05S', 'SPARKING', 0, 'Great Saiyaman 1 ', 'VIO', 'Saiyan metis,Guerrier transforme,Famille goku,Legends Road,Exclusif aux evenements'),
('DBL02-12E', 'EXTREME', 0, 'Vegeta', 'ROU', 'Saiyan,Lignee royale Vegeta'),
('DBL-EVT-04S', 'SPARKING', 0, 'Gotenks', 'VER', 'Saiyan metis,Enfant,Guerrier fusionne,Fusion,Legends Road,Exclusif aux evenements'),
('DBL24-11H', 'HERO', 0, 'Champion du monde M.Satan', 'BLE', ''),
('DBL27-07E', 'EXTREME', 0, 'Ribrianne', 'JAU', 'Filles,Guerrier transforme,Univers rival,Univers 2'),
('DBL24-15S', 'SPARKING', 0, 'Paikuhan', 'ROU', 'Ennemi puissant,Guerrier de l\'au-dela'),
('DBL01-12E', 'EXTREME', 0, 'Chaozu', 'VIO', 'Super guerrier'),
('DBL01-24H', 'HERO', 0, '1re forme Freezer', 'VER', 'Ennemi puissant,Guerrier transforme,Genealogie malefique,Armee de Freezer'),
('DBL01-30H', 'HERO', 0, 'Guldo', 'BLE', 'Armee de Freezer,Commando Ginyu'),
('DBL01-15H', 'HERO', 0, 'Jaco', 'ROU', ''),
('DBL12-03E', 'EXTREME', 0, 'Videl', 'VIO', 'Filles'),
('DBL01-28H', 'HERO', 0, 'Jeese', 'VIO', 'Armee de Freezer,Commando Ginyu'),
('DBL06-09E', 'EXTREME', 0, 'C-16', 'JAU', 'Cyborg'),
('DBL09-08E', 'EXTREME', 0, 'Mai', 'VIO', 'Futur'),
('DBL09-09S', 'SPARKING', 0, 'Super Saiyan divin Vegeta', 'JAU', 'Saiyan,Super Saiyan divin,Ki divin,Lignee royale Vegeta'),
('DBL34-01S', 'SPARKING', 1, 'Super Saiyan 4 Son Goku', 'JAU', 'Saiyan,Super Saiyan 3,Famille goku'),
('DBL01-07S', 'SPARKING', 0, 'Piccolo', 'VER', 'Namek,Regeneration'),
('DBL26-07E', 'EXTREME', 0, 'Videl', 'ROU', 'Filles'),
('DBL00-01', 'HERO', 0, 'Shallot', 'LUM', 'Saiyan,Super Saiyan,Super Saiyan 2,Super Saiyan 3,Super Saiyan divin,Ki divin'),
('DBL04-10S', 'SPARKING', 0, 'Super Saiyan Son Goku', 'BLE', 'Saiyan,Super Saiyan,Famille goku'),
('DBL06-02H', 'HERO', 0, 'Super Saiyan Son Goku', 'VIO', 'Saiyan,Super Saiyan,Famille goku'),
('DBL01-02E', 'EXTREME', 0, 'Son Goku', 'BLE', 'Saiyan,Famille goku'),
('DBL10-01S', 'SPARKING', 0, 'Super Saiyan 3 Son Goku', 'ROU', 'Saiyan,Super Saiyan 3,Famille goku'),
('DBL01-26H', 'HERO', 0, 'Dodoria', 'ROU', 'Armee de Freezer'),
('DBL01-27H', 'HERO', 0, 'Reacum', 'ROU', 'Armee de Freezer,Commando Ginyu'),
('DBL-EVT-06S', 'SPARKING', 0, 'Taitans Yamcha', 'VIO', 'Super guerrier,Exclusif aux evenements'),
('DBL09-04S', 'SPARKING', 0, 'Super Saiyan Kale Berserker', 'ROU', 'Saiyan,Super Saiyan,Filles,Univers rival,Univers 6'),
('DBL01-37E', 'EXTREME', 0, 'Union avec Nail Piccolo', 'JAU', 'Namek,Regeneration,Super guerrier,Union'),
('DBL08-11E', 'EXTREME', 0, 'Sauzer', 'VIO', ''),
('DBL08-14S', 'SPARKING', 0, 'Zamasu', 'ROU', 'Regeneration,Ennemi puissant,Ki divin,Futur'),
('DBL16-04H', 'HERO', 0, 'Nail', 'VER', 'Namek,Regeneration'),
('DBL28-04E', 'EXTREME', 0, 'Kakunsa', 'VER', 'Filles,Guerrier transforme,Univers rival,Univers 2'),
('DBL24-12H', 'HERO', 0, 'Tao Pai Pai', 'JAU', ''),
('DBL01-32H', 'HERO', 0, 'Pan', 'VER', 'Saiyan metis,Filles,Famille goku,GT'),
('DBL26-04E', 'EXTREME', 0, 'Le roi du monde des tenebres Dabra', 'ROU', ''),
('DBL01-13H', 'HERO', 0, 'Tenshinhan', 'BLE', 'Super guerrier'),
('DBL01-10H', 'HERO', 0, 'Yamcha', 'VER', 'Super guerrier'),
('DBL01-34H', 'HERO', 0, 'Paikuhan', 'VER', 'Guerrier de l\'au-dela'),
('DBL07-06E', 'EXTREME', 0, 'Cooler', 'BLE', 'Ennemi puissant,Guerrier transforme,Genealogie malefique'),
('DBL31-04E', 'EXTREME', 0, 'Kamesennin', 'BLE', ''),
('DBL15-04E', 'EXTREME', 0, 'Zangya', 'BLE', 'Filles,Famille Hera'),
('DBL07-10S', 'SPARKING', 0, 'Vegeta', 'VER', 'Saiyan,Ennemi puissant,Lignee royale Vegeta,Armee de Freezer'),
('DBL02-11S', 'SPARKING', 0, 'Son Goku', 'VIO', 'Saiyan,Famille goku'),
('DBL04-06E', 'EXTREME', 0, 'Bardock', 'JAU', 'Saiyan,Equipe Bardock'),
('DBL10-05E', 'EXTREME', 0, 'Boo: mal incarne', 'BLE', 'Regeneration,Ennemi puissant,Absorption'),
('DBL01-31E', 'EXTREME', 0, 'Tao Pai Pai', 'VIO', ''),
('DBL09-07S', 'SPARKING', 0, 'Videl', 'JAU', 'Filles'),
('DBL-EVT-30S', 'SPARKING', 0, 'Super Saiyan legendaire Broly', 'VIO', 'Saiyan,Super Saiyan,Ennemi puissant,Exclusif aux evenements'),
('DBL03-01S', 'SPARKING', 0, 'Super Saiyan Son Goku', 'JAU', 'Saiyan,Super Saiyan,Famille goku'),
('DBL09-05S', 'SPARKING', 0, 'Bulma enfant', 'BLE', 'Filles'),
('DBL03-10S', 'SPARKING', 0, 'Bardock', 'VER', 'Saiyan,Equipe Bardock'),
('DBL05-09E', 'EXTREME', 0, 'Piccolo Daimao', 'VIO', 'Namek,Regeneration,Ennemi puissant'),
('DBL16-08S', 'SPARKING', 0, 'Kakunsa', 'VIO', 'Filles,Guerrier transforme,Univers rival,Univers 2'),
('DBL01-16S', 'SPARKING', 0, 'Paikuhan', 'JAU', 'Guerrier de l\'au-dela'),
('DBL06-12S', 'SPARKING', 0, 'Majin Vegeta', 'ROU', 'Saiyan,Super Saiyan 2,Lignee royale Vegeta'),
('DBL05-04E', 'EXTREME', 0, 'Trunks petit', 'BLE', 'Saiyan metis,Enfant,Lignee royale Vegeta'),
('DBL04-04S', 'SPARKING', 0, 'Forme parfaite Cell', 'ROU', 'Cyborg,Regeneration,Ennemi puissant,Futur,Absorption'),
('DBL05-02E', 'EXTREME', 0, 'Son Goten petit', 'BLE', 'Saiyan metis,Enfant,Famille goku'),
('DBL11-07S', 'SPARKING', 0, 'Ribrianne', 'BLE', 'Filles,Guerrier transforme,Univers rival,Univers 2'),
('DBL48-01S', 'SPARKING', 1, 'Super Saiyan 3 Son Goku ', 'VER', 'Saiyan,Super Saiyan 3,Famille goku'),
('DBL-EVT-51S', 'SPARKING', 0, 'Majin Vegeta', 'VIO', 'Saiyan,Super Saiyan 2,Lignee royale Vegeta,Exclusif aux evenements'),
('DBL35-05E', 'EXTREME', 0, 'Super Saiyan 3 Gotenks', 'VER', 'Saiyan metis,Super Saiyan 3,Enfant,Guerrier fusionne,Fusion'),
('DBL04-07E', 'EXTREME', 0, '1re forme Freezer', 'JAU', 'Ennemi puissant,Guerrier transforme,Genealogie malefique,Armee de Freezer'),
('DBL06-03E', 'EXTREME', 0, 'Son Gohan enfant', 'ROU', 'Saiyan metis,Famille goku'),
('DBL34-04S', 'SPARKING', 0, 'C-18', 'BLE', 'Cyborg,Filles,Jumeaux'),
('DBL14-02S', 'SPARKING', 0, 'C-14', 'VER', 'Cyborg'),
('DBL22-03S', 'SPARKING', 1, 'Piccolo', 'JAU', 'Namek,Regeneration'),
('DBL01-39E', 'EXTREME', 0, 'Vegeta', 'VER', 'Saiyan,Lignee royale Vegeta'),
('DBL05-07S', 'SPARKING', 0, 'Champion du monde M.Satan', 'ROU', ''),
('DBL02-15S', 'SPARKING', 0, 'Cooler', 'VER', 'Ennemi puissant,Guerrier transforme,Genealogie malefique'),
('DBL03-03S', 'SPARKING', 0, 'Krillin', 'BLE', 'Super guerrier'),
('DBL03-06S', 'SPARKING', 0, 'C-18', 'JAU', 'Cyborg,Filles,Jumeaux'),
('DBL01-11E', 'EXTREME', 0, 'Tenshinhan', 'JAU', 'Super guerrier'),
('DBL10-07E', 'EXTREME', 0, 'Trunks jeune', 'VIO', 'Saiyan metis,Lignee royale Vegeta,Futur'),
('DBL09-02E', 'EXTREME', 0, 'Caulifla', 'ROU', 'Saiyan,Filles,Univers rival,Univers 6'),
('DBL03-05S', 'SPARKING', 0, 'C-17', 'VIO', 'Cyborg,Jumeaux'),
('DBL09-01S', 'SPARKING', 0, 'Super Saiyan Cabbe', 'VER', 'Saiyan,Super Saiyan,Univers rival,Univers 6'),
('DBL04-08E', 'EXTREME', 0, 'Zarbon', 'BLE', 'Guerrier transforme,Armee de Freezer'),
('DBL01-46E', 'EXTREME', 0, 'Forme finale Frost', 'BLE', 'Guerrier transforme,Genealogie malefique,Univers rival,Univers 6'),
('DBL31-03S', 'SPARKING', 0, 'Voleur de grands chemins Yamcha', 'VER', ''),
('DBL08-07E', 'EXTREME', 0, 'Pan: abeille', 'ROU', 'Saiyan metis,Filles,Famille goku,GT'),
('DBL10-08E', 'EXTREME', 0, 'Tenshinhan', 'ROU', 'Super guerrier'),
('DBL06-08H', 'HERO', 0, 'Thales', 'BLE', 'Saiyan,Ennemi puissant'),
('DBL-EVT-11S', 'SPARKING', 0, 'Nappa jeune', 'VIO', 'Saiyan,Armee de Freezer,Exclusif aux evenements'),
('DBL01-05S', 'SPARKING', 0, 'Pan', 'BLE', 'Saiyan metis,Filles,Famille goku,GT'),
('DBL01-18H', 'HERO', 0, 'Vegeta', 'BLE', 'Saiyan,Lignee royale Vegeta'),
('DBL07-02E', 'EXTREME', 0, 'Super Saiyan Vegeta', 'VIO', 'Saiyan,Super Saiyan,Guerrier de l\'au-dela,Lignee royale Vegeta'),
('DBL08-05E', 'EXTREME', 0, 'C-18', 'VIO', 'Cyborg,Filles,Ennemi puissant,Jumeaux,Futur'),
('DBL06-10S', 'SPARKING', 0, 'C-18', 'BLE', 'Cyborg,Filles,Jumeaux'),
('DBL01-08H', 'HERO', 0, 'Union avec Nail Piccolo', 'ROU', 'Namek,Regeneration,Super guerrier,Union'),
('DBL02-07E', 'EXTREME', 0, 'C-19', 'ROU', 'Cyborg'),
('DBL-EVT-THX1000', 'SPARKING', 0, 'Bulma enfant', 'VIO', 'Filles,Exclusif aux evenements'),
('DBL09-06S', 'SPARKING', 0, 'Chichi', 'VER', 'Filles'),
('DBL08-13S', 'SPARKING', 0, 'Bojack', 'JAU', 'Ennemi puissant,Guerrier transforme,Famille Hera'),
('DBL10-04E', 'EXTREME', 0, 'Super Saiyan Vegeta', 'BLE', 'Saiyan,Super Saiyan,Lignee royale Vegeta'),
('DBL39-04S', 'SPARKING', 0, 'Nappa', 'BLE', 'Saiyan,Armee de Freezer'),
('DBL37-04S', 'SPARKING', 0, 'Majuub', 'JAU', 'Guerrier fusionne,GT,Union'),
('DBL03-11E', 'EXTREME', 0, 'Cabbe', 'VER', 'Saiyan,Univers rival,Univers 6'),
('DBL25-02E', 'EXTREME', 0, 'Yamcha', 'ROU', 'Super guerrier'),
('DBL01-14H', 'HERO', 0, 'Chaozu', 'VER', 'Super guerrier'),
('DBL02-04H', 'HERO', 0, 'Yamcha', 'JAU', 'Super guerrier'),
('DBL01-09H', 'HERO', 0, 'Krillin', 'VIO', 'Super guerrier'),
('DBL11-05E', 'EXTREME', 0, 'Bulma enfant', 'JAU', 'Filles'),
('DBL-EVT-41S', 'SPARKING', 0, 'Freezer', 'VER', 'Ennemi puissant,Guerrier transforme,Genealogie malefique,Armee de Freezer,Exclusif aux evenements'),
('DBL08-04E', 'EXTREME', 0, 'C-17', 'VER', 'Cyborg,Ennemi puissant,Jumeaux,Futur'),
('DBL06-05E', 'EXTREME', 0, 'Cell junior', 'JAU', 'Cyborg,Sbire'),
('DBL04-13E', 'EXTREME', 0, 'Kamesennin', 'VIO', ''),
('DBL04-12E', 'EXTREME', 0, 'Pan', 'VIO', 'Saiyan metis,Filles,Famille goku,GT'),
('DBL03-08E', 'EXTREME', 0, 'Forme initiale Cell', 'JAU', 'Cyborg,Regeneration,Ennemi puissant,Futur,Absorption'),
('DBL19-04E', 'EXTREME', 0, 'Boo: super', 'ROU', 'Regeneration,Ennemi puissant,Absorption'),
('DBL03-07E', 'EXTREME', 0, 'C-18', 'VER', 'Cyborg,Filles,Jumeaux'),
('DBL28-02S', 'SPARKING', 0, 'Lavenda', 'VIO', 'Saiyan,Univers rival,Univers 9'),
('DBL11-10E', 'EXTREME', 0, 'Super Namek Slug', 'JAU', 'Namek,Regeneration,Ennemi puissant'),
('DBL32-04S', 'SPARKING', 0, 'Piccolo Daimao', 'VIO', 'Namek,Regeneration,Ennemi puissant'),
('DBL31-05S', 'SPARKING', 0, 'Lunch', 'ROU', 'Filles'),
('DBL02-09E', 'EXTREME', 0, 'C-20', 'JAU', 'Cyborg'),
('DBL18-04E', 'EXTREME', 0, 'Shisami', 'VER', 'Armee de Freezer'),
('DBL08-12H', 'HERO', 0, 'Sauzer', 'ROU', ''),
('DBL01-01H', 'HERO', 0, 'Son Goku', 'JAU', 'Saiyan,Famille goku'),
('DBL06-04H', 'HERO', 0, 'Krillin', 'BLE', 'Super guerrier'),
('DBL03-12H', 'HERO', 0, 'Cabbe', 'BLE', 'Saiyan,Univers rival,Univers 6'),
('DBL01-42H', 'HERO', 0, '2e forme Freezer', 'ROU', 'Ennemi puissant,Guerrier transforme,Genealogie malefique,Armee de Freezer'),
('DBL49-01U', 'ULTRA', 0, 'Super Vegetto', 'JAU', 'Saiyan,Super Saiyan,Guerrier fusionne,Potalas'),
('DBL02-06H', 'HERO', 0, 'Saibaiman', 'VIO', 'Sbire'),
('DBL01-29H', 'EXTREME', 0, 'Butta', 'BLE', 'Armee de Freezer,Commando Ginyu'),
('DBL02-05H', 'HERO', 0, 'Jaco', 'VER', ''),
('DBL02-08H', 'HERO', 0, 'C-19', 'BLE', 'Cyborg'),
('DBL03-09H', 'HERO', 0, 'Forme initiale Cell', 'VIO', 'Cyborg,Regeneration,Ennemi puissant,Futur,Absorption'),
('DBL04-03H', 'HERO', 0, '2e forme Cell', 'BLE', 'Cyborg,Regeneration,Ennemi puissant,Futur,Absorption'),
('DBL22-06E', 'EXTREME', 0, 'Toteppo', 'VER', 'Saiyan,Equipe Bardock'),
('DBL01-20H', 'HERO', 0, 'Nappa', 'JAU', 'Saiyan,Armee de Freezer'),
('DBL19-09E', 'EXTREME', 0, 'Hyper Mega Rild', 'JAU', 'Ennemi puissant,GT,Union'),
('DBL04-09E', 'EXTREME', 0, 'Dodoria', 'VER', 'Armee de Freezer'),
('DBL01-06H', 'HERO', 0, 'Son Gohan petit', 'VER', 'Saiyan metis,Enfant,Famille goku'),
('DBL01-22H', 'HERO', 0, 'Raditz', 'BLE', 'Saiyan,Armee de Freezer'),
('DBL03-02H', 'HERO', 0, 'Son Goku', 'VIO', 'Saiyan,Famille goku'),
('DBL01-23H', 'HERO', 0, 'Saibaiman', 'JAU', 'Sbire'),
('DBL20-03E', 'EXTREME', 0, 'C-14', 'BLE', 'Cyborg'),
('DBL02-10H', 'HERO', 0, 'C-20', 'VIO', 'Cyborg'),
('DBL29-03E', 'EXTREME', 0, 'Bojack puissance max', 'JAU', 'Ennemi puissant,Guerrier transforme,Famille Hera'),
('DBL22-07E', 'EXTREME', 0, 'Pumbukin', 'JAU', 'Saiyan,Equipe Bardock'),
('DBL30-04E', 'EXTREME', 0, 'Broly', 'JAU', 'Saiyan,Armee de Freezer'),
('DBL38-02E', 'EXTREME', 0, 'Jiren', 'BLE', 'Ennemi puissant,Univers rival,Univers 11'),
('DBL24-06E', 'EXTREME', 0, 'Super Trunks', 'VIO', 'Saiyan metis,Super Saiyan,Lignee royale Vegeta,Futur'),
('DBL40-01E', 'EXTREME', 0, 'Super Saiyan 2 Son Gohan enfant', 'BLE', 'Saiyan metis,Super Saiyan 2,Famille goku'),
('DBL21-03E', 'EXTREME', 0, 'Chichi', 'VIO', 'Filles'),
('DBL36-04E', 'EXTREME', 0, 'Zangya', 'JAU', 'Filles,Famille Hera'),
('DBL27-01E', 'EXTREME', 0, 'Son Gohan petit', 'VIO', 'Saiyan metis,Enfant,Famille goku'),
('DBL43-02E', 'EXTREME', 0, 'Toma', 'VER', 'Saiyan,Equipe Bardock'),
('DBL36-05E', 'EXTREME', 0, 'Gokua', 'BLE', 'Guerrier transforme,Famille Hera'),
('DBL39-02E', 'EXTREME', 0, 'Yajirobe', 'VIO', 'Super guerrier'),
('DBL25-06E', 'EXTREME', 0, 'Hit', 'ROU', 'Ennemi puissant,Univers rival,Univers 6'),
('DBL-EVT-26E', 'EXTREME', 0, 'Ramon', 'VER', 'Sbire,Armee de Freezer,Exclusif aux evenements'),
('DBL40-04S', 'SPARKING', 0, 'Union avec Nail Piccolo', 'ROU', 'Namek,Regeneration,Super guerrier,Union'),
('DBL33-02S', 'SPARKING', 1, 'Super Saiyan Rose Goku Black', 'VIO', 'Saiyan,Super Saiyan Rose,Ennemi puissant,Ki divin,Futur'),
('DBL35-07E', 'EXTREME', 0, 'Super Baby 2', 'ROU', 'Saiyan,Regeneration,Ennemi puissant,Guerrier transforme,GT,Union'),
('DBL20-04E', 'EXTREME', 0, 'C-15', 'VER', 'Cyborg'),
('DBL-EVT-25E', 'EXTREME', 0, 'Apple', 'VIO', 'Sbire,Armee de Freezer,Exclusif aux evenements'),
('DBL28-07E', 'EXTREME', 0, 'Rosie', 'ROU', 'Filles,Guerrier transforme,Univers rival,Univers 2'),
('DBL36-07E', 'EXTREME', 0, 'Bujin', 'VER', 'Famille Hera'),
('DBL43-03E', 'EXTREME', 0, 'Selipa', 'BLE', 'Saiyan,Filles,Equipe Bardock'),
('DBL23-03E', 'EXTREME', 0, 'Forme parfaite Cell', 'VIO', 'Cyborg,Regeneration,Ennemi puissant,Futur,Absorption'),
('DBL44-03E', 'EXTREME', 0, 'Toppo', 'JAU', 'Univers rival,Univers 11'),
('DBL44-04E', 'EXTREME', 0, 'Dyspo', 'VER', 'Univers rival,Univers 11'),
('DBL41-06E', 'EXTREME', 0, 'Mai', 'ROU', 'Filles,Futur'),
('DBL36-06E', 'EXTREME', 0, 'Bido', 'VIO', 'Famille Hera'),
('DBL-EVT-28E', 'EXTREME', 0, 'Nabana', 'BLE', 'Armee de Freezer,Exclusif aux evenements'),
('DBL-EVT-29E', 'EXTREME', 0, 'Roberry', 'ROU', 'Armee de Freezer,Exclusif aux evenements'),
('DBL41-05E', 'EXTREME', 0, 'Forme finale Freezer', 'VER', 'Guerrier transforme,Genealogie malefique,Armee de Freezer'),
('DBL-EVT-27E', 'EXTREME', 0, 'Noren', 'JAU', 'Sbire,Armee de Freezer,Exclusif aux evenements'),
('DBL34-05E', 'EXTREME', 0, 'Baby Vegeta', 'BLE', 'Saiyan,Regeneration,Ennemi puissant,Guerrier transforme,GT,Union'),
('DBL32-03E', 'EXTREME', 0, 'Trunks enfant', 'VER', 'Saiyan metis,Lignee royale Vegeta,Futur'),
('DBL01-25H', 'HERO', 0, 'Zarbon', 'VER', 'Guerrier transforme,Armee de Freezer'),
('DBL04-05H', 'HERO', 0, 'Cell Junior', 'VER', 'Cyborg,Sbire'),
('DBL04-14H', 'HERO', 0, 'Kamesennin', 'JAU', ''),
('DBL01-47H', 'HERO', 0, 'Forme finale Frost', 'JAU', 'Guerrier transforme,Genealogie malefique,Univers rival,Univers 6'),
('DBL22-05S', 'SPARKING', 1, '1re forme Freezer', 'VIO', 'Ennemi puissant,Guerrier transforme,Genealogie malefique,Armee de Freezer'),
('DBL31-01S', 'SPARKING', 1, 'Super Saiyan Son Gohan', 'JAU', 'Saiyan metis,Super Saiyan,Famille goku,Futur'),
('DBL32-02S', 'SPARKING', 1, 'Boo: petit', 'BLE', 'Regeneration,Ennemi puissant,Absorption'),
('DBL36-01S', 'SPARKING', 1, 'Super Saiyan Son Gohan enfant', 'VIO', 'Saiyan metis,Super Saiyan,Super Saiyan 2,Famille goku'),
('DBL37-02S', 'SPARKING', 1, 'Forme finale Freezer: pleine puissance', 'JAU', 'Ennemi puissant,Guerrier transforme,Genealogie malefique,Armee de Freezer'),
('DBL38-04S', 'SPARKING', 0, 'Super Saiyan 2 Caulifla: Kale (Soutien)', 'JAU', 'Saiyan,Super Saiyan 2,Filles,Univers rival,Univers 6'),
('DBL39-01S', 'SPARKING', 1, 'Vegeta', 'ROU', 'Saiyan,Ennemi puissant,Lignee royale Vegeta,Armee de Freezer'),
('DBL41-02S', 'SPARKING', 1, 'Super Saiyan Trunks adulte', 'BLE', 'Saiyan metis,Super Saiyan,Lignee royale Vegeta,Futur'),
('DBL41-04S', 'SPARKING', 0, 'Zamasu: Goku Black (Soutien)', 'VER', 'Saiyan,Super Saiyan Rose,Regeneration,Ennemi puissant,Ki divin,Futur'),
('DBL42-01U', 'ULTRA', 0, 'Super Gogeta', 'BLE', 'Saiyan,Super Saiyan,Guerrier de l\'au-dela,Guerrier fusionne,Fusion'),
('DBL43-01S', 'SPARKING', 1, 'Bardock', 'JAU', 'Saiyan,Equipe Bardock'),
('DBL43-04S', 'SPARKING', 0, 'Kaioken Son Goku', 'VER', 'Famille goku'),
('DBL43-05S', 'SPARKING', 0, 'Forme finale freezer', 'BLE', 'Ennemi puissant,Guerrier transforme,Genealogie malefique,Armee de Freezer'),
('DBL44-01S', 'SPARKING', 1, 'Jiren: pleine puissance', 'VIO', 'Ennemi puissant,Univers rival,Univers 11'),
('DBL44-02S', 'SPARKING', 0, 'Dieu de la destruction Beerus', 'BLE', 'Dieu de la destruction,Jumeaux,Ki divin'),
('DBL45-01U', 'ULTRA', 0, 'Super Saiyan divin SS Kaioken Son Goku', 'JAU', 'Saiyan,Super Saiyan divin SS,Ki divin,Famille goku'),
('DBL45-03S', 'SPARKING', 0, 'Whis', 'VIO', 'Ange,Ki divin'),
('DBL46-01S', 'SPARKING', 1, 'C-17 ', 'ROU', 'Cyborg,Filles,Ennemi puissant,Jumeaux,Futur'),
('DBL46-02E', 'EXTREME', 0, 'Son Gohan et Trunks (jeune)', 'VER', 'Saiyan metis,Famille goku,Lignee royale Vegeta,Futur'),
('DBL46-04S', 'SPARKING', 0, 'Gamma 2', 'BLE', 'Cyborg'),
('DBL47-03E', 'EXTREME', 0, 'Yurin', 'VER', 'Filles'),
('DBL48-03E', 'EXTREME', 0, 'Thales', 'ROU', 'Saiyan,Ennemi puissant'),
('DBL48-04E', 'EXTREME', 0, 'Forme finale Cooler', 'BLE', 'Ennemi puissant,Guerrier transforme,Genealogie malefique'),
('DBL-EVT-31E', 'EXTREME', 0, 'Saibaiman', 'VER', 'Sbire,Exclusif aux evenements'),
('DBL-EVT-32E', 'EXTREME', 0, 'Kaiwareman', 'BLE', 'Sbire,Exclusif aux evenements'),
('DBL-EVT-33E', 'EXTREME', 0, 'Kyukonman', 'JAU', 'Sbire,Exclusif aux evenements'),
('DBL-EVT-34E', 'EXTREME', 0, 'Tenneman', 'ROU', 'Sbire,Exclusif aux evenements'),
('DBL-EVT-35E', 'EXTREME', 0, 'Jinkouman', 'ROU', 'Sbire,Exclusif aux evenements'),
('DBL-EVT-36E', 'EXTREME', 0, 'Copyman', 'VIO', 'Sbire,Exclusif aux evenements'),
('DBL-EVT-42S', 'SPARKING', 0, 'C-21', 'ROU', 'Cyborg,Filles,Regeneration,Guerrier transforme,Absorption,Exclusif aux evenements'),
('DBL-EVT-43S', 'SPARKING', 0, 'C-18', 'VER', 'Cyborg,Filles,Jumeaux,Exclusif aux evenements'),
('DBL-EVT-52E', 'EXTREME', 0, 'Raspberry', 'ROU', 'Sbire,Armee de Freezer,Exclusif aux evenements'),
('DBL-EVT-53E', 'EXTREME', 0, 'Navel', 'VER', 'Sbire,Armee de Freezer,Exclusif aux evenements'),
('DBL-EVT-54E', 'EXTREME', 0, 'Monrei', 'JAU', 'Sbire,Armee de Freezer,Exclusif aux evenements'),
('DBL-EVT-55E', 'EXTREME', 0, 'Guprei', 'VIO', 'Sbire,Armee de Freezer,Exclusif aux evenements'),
('DBL01-45H', 'HERO', 0, 'Capitaine Ginyu', 'ROU', 'Armee de Freezer,Commando Ginyu'),
('DBL50-01S', 'SPARKING', 1, 'Trunks Super Saiyan (jeune)', 'VER', 'Saiyan metis,Super Saiyan,Lignee royale Vegeta,Futur'),
('DBL50-03S', 'SPARKING', 0, 'Goku Black', 'BLE', 'Saiyan,Ennemi puissant,Futur'),
('DBL50-02S', 'SPARKING', 0, 'Mecha Freezer', 'VIO', 'Genealogie malefique,Armee de Freezer'),
('DBL51-01S', 'SPARKING', 1, 'Cooler forme finale', 'ROU', 'Ennemi puissant,Guerrier transforme,Genealogie malefique'),
('DBL51-02E', 'EXTREME', 0, 'Sauzer', 'VER', ''),
('DBL-EVT-57S', 'SPARKING', 0, 'Metal Cooler', 'BLE', 'Regeneration,Ennemi puissant,Genealogie malefique,Absorption,Exclusif aux evenements');

-- --------------------------------------------------------

--
-- Structure de la table `members`
--

CREATE TABLE `members` (
  `pseudoIG` varchar(255) NOT NULL,
  `pseudoDiscord` varchar(255) NOT NULL,
  `guilde` enum('Division Z','Division HOPE','Aucune') DEFAULT NULL,
  `points` int(11) NOT NULL DEFAULT 0,
  `role` enum('Chef','Membre','Guest') NOT NULL,
  `verifCode` varchar(18) DEFAULT NULL
) ENGINE=MyISAM DEFAULT CHARSET=latin1 COLLATE=latin1_swedish_ci;

--
-- Déchargement des données de la table `members`
--

-- --------------------------------------------------------

--
-- Structure de la table `tags`
--

CREATE TABLE `tags` (
  `id` int(11) NOT NULL,
  `name` varchar(255) NOT NULL
) ENGINE=InnoDB DEFAULT CHARSET=utf8mb4 COLLATE=utf8mb4_general_ci;

--
-- Déchargement des données de la table `tags`
--

INSERT INTO `tags` (`id`, `name`) VALUES
(1, 'Absorption'),
(2, 'Android'),
(3, 'Ange'),
(4, 'Exclusif aux événements'),
(5, 'Armée de Freezer'),
(6, 'Fusion'),
(7, 'Guerrier fusionné'),
(8, 'Futur'),
(9, 'GT'),
(10, 'Commando Ginyu'),
(11, 'Filles'),
(12, 'Ki divin'),
(13, 'Dieu de la destruction'),
(14, 'Clan Hera'),
(15, 'Saiyan de sang-mêlé'),
(16, 'Enfant'),
(17, 'Legends Road'),
(18, 'Généalogie maléfique'),
(19, 'Union'),
(20, 'Sbire'),
(21, 'Namek'),
(22, 'Guerrier de l\'au-delà'),
(23, 'Potalas'),
(24, 'Ennemi puissant'),
(25, 'Régénération'),
(26, 'Univers rival'),
(27, 'Saiyan'),
(28, 'Dragons maléfiques'),
(29, 'Famille de Goku'),
(30, 'Super Saiyan'),
(31, 'Super Saiyan 2'),
(32, 'Super Saiyan 3'),
(33, 'Super Saiyan 4'),
(34, 'Super Saiyan divin'),
(35, 'Super Saiyan divin SS'),
(36, 'Super Saiyan Rosé'),
(37, 'Super guerrier'),
(38, 'Equipe Bardock'),
(39, 'Guerrier transformé'),
(40, 'Jumeaux'),
(41, 'Univers 11'),
(42, 'Univers 2'),
(43, 'Univers 4'),
(44, 'Univers 6'),
(45, 'Univers 9'),
(46, 'Représentant d\'univers'),
(47, 'Lignée royale Vegeta'),
(48, 'Cyborg'),
(49, 'DB');

-- --------------------------------------------------------

--
-- Structure de la table `users`
--

CREATE TABLE `users` (
  `id` int(11) NOT NULL,
  `email` varchar(255) NOT NULL,
  `login` varchar(255) NOT NULL,
  `password` varchar(255) NOT NULL,
  `role` enum('membre','master','admin') NOT NULL
) ENGINE=InnoDB DEFAULT CHARSET=utf8 COLLATE=utf8_general_ci;

--
-- Déchargement des données de la table `users`
--

INSERT INTO `users` (`id`, `email`, `login`, `password`, `role`) VALUES
(1, 'brian.verchere@gmail.com', 'ayun', '$2y$10$moWN7GgadslqIL97MgqncOknTG1y.LRjErYInY1wW4Xo/RlSXSZEW', 'admin');

--
-- Index pour les tables déchargées
--

--
-- Index pour la table `charactertags`
--
ALTER TABLE `charactertags`
  ADD PRIMARY KEY (`idCharacter`,`idTag`);

--
-- Index pour la table `dbl_characters`
--
ALTER TABLE `dbl_characters`
  ADD PRIMARY KEY (`Image`);

--
-- Index pour la table `members`
--
ALTER TABLE `members`
  ADD PRIMARY KEY (`pseudoIG`,`pseudoDiscord`);

--
-- Index pour la table `tags`
--
ALTER TABLE `tags`
  ADD PRIMARY KEY (`id`);

--
-- Index pour la table `users`
--
ALTER TABLE `users`
  ADD PRIMARY KEY (`id`);

--
-- AUTO_INCREMENT pour les tables déchargées
--

--
-- AUTO_INCREMENT pour la table `tags`
--
ALTER TABLE `tags`
  MODIFY `id` int(11) NOT NULL AUTO_INCREMENT, AUTO_INCREMENT=50;

--
-- AUTO_INCREMENT pour la table `users`
--
ALTER TABLE `users`
  MODIFY `id` int(11) NOT NULL AUTO_INCREMENT, AUTO_INCREMENT=2;
COMMIT;

/*!40101 SET CHARACTER_SET_CLIENT=@OLD_CHARACTER_SET_CLIENT */;
/*!40101 SET CHARACTER_SET_RESULTS=@OLD_CHARACTER_SET_RESULTS */;
/*!40101 SET COLLATION_CONNECTION=@OLD_COLLATION_CONNECTION */;
